Product,Totalsale
POSTAGE,43034.0
RABBIT NIGHT LIGHT,18088.24
REGENCY CAKESTAND 3 TIER,14094.75
ROUND SNACK BOXES SET OF4 WOODLAND ,13693.65
SPACEBOY LUNCH BOX ,10917.449999999999
DOLLY GIRL LUNCH BOX,8588.4
ROUND SNACK BOXES SET OF 4 FRUITS ,7147.0
RED TOADSTOOL LED NIGHT LIGHT,6997.200000000001
PLASTERS IN TIN WOODLAND ANIMALS,5623.5
JUMBO BAG RED RETROSPOT,5607.93
PLASTERS IN TIN SPACEBOY,5241.9
GUMBALL COAT RACK,4911.599999999999
JUMBO BAG WOODLAND ANIMALS,4497.36
PLASTERS IN TIN CIRCUS PARADE ,4387.2
RED RETROSPOT MINI CASES,4088.55
CHILDRENS CUTLERY POLKADOT PINK,4086.1
STRAWBERRY LUNCH BOX WITH CUTLERY,4057.65
LUNCH BAG RED RETROSPOT,3884.6
LUNCH BOX WITH CUTLERY RETROSPOT ,3868.35
LUNCH BAG WOODLAND,3640.4
5 HOOK HANGER RED MAGIC TOADSTOOL,3531.0
SET OF 3 REGENCY CAKE TINS,3310.9500000000003
LUNCH BAG SPACEBOY DESIGN ,3165.6
CHILDRENS CUTLERY SPACEBOY ,3159.65
PACK OF 72 RETROSPOT CAKE CASES,2969.58
RED KITCHEN SCALES,2929.1
JUMBO BAG PINK POLKADOT,2917.04
WOODLAND CHARLOTTE BAG,2802.4
ALARM CLOCK BAKELIKE PINK,2790.75
MINI PAINT SET VINTAGE ,2767.8
LUNCH BAG APPLE DESIGN,2735.75
ASSORTED COLOUR BIRD ORNAMENT,2725.88
PLASTERS IN TIN STRONGMAN,2716.8
FAWN BLUE HOT WATER BOTTLE,2703.0
SET/10 RED POLKADOT PARTY CANDLES,2690.84
CIRCUS PARADE LUNCH BOX ,2644.2
SET OF 2 TEA TOWELS APPLE AND PEARS,2601.8
CHILDRENS CUTLERY DOLLY GIRL ,2578.4
JAM MAKING SET PRINTED,2558.6
 SPACEBOY BABY GIFT SET,2554.65
JUMBO BAG APPLES,2449.66
RED RETROSPOT UMBRELLA,2425.2
RED RETROSPOT CHARLOTTE BAG,2407.65
JAM MAKING SET WITH JARS,2247.5
RED RETROSPOT PICNIC BAG,2225.55
MINI LIGHTS WOODLAND MUSHROOMS,2200.02
6 RIBBONS RUSTIC CHARM,2184.9
IVORY KITCHEN SCALES,2096.95
ALARM CLOCK BAKELIKE RED ,2078.25
MEMO BOARD COTTAGE DESIGN,2074.5
JUMBO BAG SPACEBOY DESIGN,2068.87
CHILDRENS CUTLERY POLKADOT BLUE,2055.0
CREAM CUPID HEARTS COAT HANGER,2044.0
SET/10 PINK POLKADOT PARTY CANDLES,2033.34
REVOLVER WOODEN RULER ,2032.6499999999999
EDWARDIAN PARASOL BLACK,1992.75
JUMBO BAG DOILEY PATTERNS,1980.38
SET OF 4 KNICK KNACK TINS DOILEY ,1973.8
PLASTERS IN TIN VINTAGE PAISLEY ,1970.55
CLOTHES PEGS RETROSPOT PACK 24 ,1955.8
CHILDRENS APRON SPACEBOY DESIGN,1947.3
3 HOOK HANGER MAGIC GARDEN,1941.9
SKULL LUNCH BOX WITH CUTLERY ,1912.2
ALARM CLOCK BAKELIKE GREEN,1871.25
DOLLY GIRL BABY GIFT SET,1846.95
SET/10 BLUE POLKADOT PARTY CANDLES,1823.34
PAPER BUNTING RETROSPOT,1813.1
CIRCUS PARADE BABY GIFT SET,1813.0500000000002
JUMBO BAG OWLS,1806.48
SET OF 4 KNICK KNACK TINS DOILY ,1806.25
RED SPOTTY BISCUIT TIN,1796.25
DOORMAT RED RETROSPOT,1789.95
SET 2 PANTRY DESIGN TEA TOWELS,1777.25
RETROSPOT TEA SET CERAMIC 11 PC ,1777.2
3 PIECE SPACEBOY COOKIE CUTTER SET,1767.0
RED RETROSPOT CAKE STAND,1745.7
FOOD CONTAINER SET 3 LOVE HEART ,1745.1
PLASTERS IN TIN SKULLS,1737.75
LUNCH BAG DOLLY GIRL DESIGN,1731.1
CHILDRENS CUTLERY CIRCUS PARADE,1718.8500000000001
EDWARDIAN PARASOL RED,1689.3000000000002
CHARLOTTE BAG APPLES DESIGN,1656.8
COFFEE MUG APPLES DESIGN,1649.1
LUNCH BAG PINK POLKADOT,1645.1
SET/2 RED RETROSPOT TEA TOWELS ,1641.35
JUMBO BAG VINTAGE DOILY ,1637.5600000000002
SET OF 5 LUCKY CAT MAGNETS ,1611.8400000000001
SPACEBOY BEAKER,1607.25
LUNCH BAG SUKI DESIGN ,1607.15
36 FOIL HEART CAKE CASES,1591.1999999999998
BREAD BIN DINER STYLE IVORY,1582.8
 DOLLY GIRL BEAKER,1567.25
SET/20 RED RETROSPOT PAPER NAPKINS ,1563.01
SPACEBOY MINI BACKPACK,1560.0
CHILDRENS CUTLERY POLKADOT GREEN ,1552.6
SET 7 BABUSHKA NESTING BOXES,1551.7
WOODLAND MINI BACKPACK,1517.75
LUNCH BAG DOILEY PATTERN ,1515.15
DOUGHNUT LIP GLOSS ,1507.0
CHILDREN'S APRON DOLLY GIRL ,1498.4
RED  HARMONICA IN BOX ,1484.4
RETROSPOT PARTY BAG + STICKER SET,1469.25
BAKING SET 9 PIECE RETROSPOT ,1462.35
MINT KITCHEN SCALES,1460.3
GINGHAM HEART DECORATION,1448.14
PACK OF 6 BIRDY GIFT TAGS,1443.48
SET/6 RED SPOTTY PAPER PLATES,1430.96
CHARLOTTE BAG PINK POLKADOT,1416.0
JUMBO BAG STRAWBERRY,1410.72
WHITE HANGING HEART T-LIGHT HOLDER,1404.95
LUNCH BOX I LOVE LONDON,1389.6
SET OF 4 KNICK KNACK TINS LONDON ,1382.45
ICE CREAM SUNDAE LIP GLOSS,1369.2
SET OF 12 FAIRY CAKE BAKING CASES,1361.47
SPACEBOY CHILDRENS BOWL,1359.75
JUMBO BAG PEARS,1350.28
SET OF 5 PANCAKE DAY MAGNETS,1348.8
RED RETROSPOT CHILDRENS UMBRELLA,1348.75
BLACK/BLUE POLKADOT UMBRELLA,1343.1
WOODLAND PARTY BAG + STICKER SET,1322.7
JUMBO BAG 50'S CHRISTMAS ,1322.16
CHILDRENS APRON APPLES DESIGN,1308.0
"SET 3 RETROSPOT TEA,COFFEE,SUGAR",1269.45
SET OF 12 MINI LOAF BAKING CASES,1268.51
LUNCH BAG CARS BLUE,1261.05
RETROSPOT HEART HOT WATER BOTTLE,1258.5
PACK OF 20 NAPKINS RED APPLES,1256.36
RETROSPOT CHILDRENS APRON,1253.1
JUMBO BAG ALPHABET,1251.24
BLACK KITCHEN SCALES,1249.5
EDWARDIAN PARASOL NATURAL,1231.15
LUNCH BAG  BLACK SKULL.,1215.05
ROSE COTTAGE KEEPSAKE BOX ,1204.05
SET/6 RED SPOTTY PAPER CUPS,1201.2
CAKE STAND 3 TIER MAGIC GARDEN,1200.3
GINGERBREAD MAN COOKIE CUTTER,1194.31
CHARLOTTE BAG DOLLY GIRL DESIGN,1188.7
REGENCY TEAPOT ROSES ,1188.6499999999999
SET OF 20 KIDS COOKIE CUTTERS,1186.5
BREAD BIN DINER STYLE RED ,1186.1
SET OF 72 RETROSPOT PAPER  DOILIES,1181.8
CHILDRENS CUTLERY RETROSPOT RED ,1161.2
RED RETROSPOT PLATE ,1161.2
CHARLOTTE BAG SUKI DESIGN,1159.46
SET 40 HEART SHAPE PETIT FOUR CASES,1156.35
FILIGRIS HEART WITH BUTTERFLY,1155.84
PARTY BUNTING,1151.9
LUNCH BAG ALPHABET DESIGN,1143.9
DOLLY GIRL MINI BACKPACK,1140.1
10 COLOUR SPACEBOY PEN,1132.08
DINOSAUR LUNCH BOX WITH CUTLERY,1126.8
SET OF 10 LED DOLLY LIGHTS,1123.69
GIRAFFE WOODEN RULER,1118.7
SPOTTY BUNTING,1118.3
BLUE HARMONICA IN BOX ,1110.0
SPACEBOY CHILDRENS CUP,1099.8
LUNCH BAG VINTAGE DOILY ,1096.45
BLUE 3 PIECE POLKADOT CUTLERY SET,1065.51
JUMBO BAG PINK VINTAGE PAISLEY,1055.9
PINK OWL SOFT TOY,1036.8
3 HEARTS HANGING DECORATION RUSTIC,1026.3999999999999
BREAD BIN DINER STYLE PINK,1020.6
SET OF 4 PANTRY JELLY MOULDS,1016.81
WHITE SPOT RED CERAMIC DRAWER KNOB,1014.44
SET OF 6 TEA TIME BAKING CASES,1013.73
ASSORTED COLOUR MINI CASES,1009.65
ALARM CLOCK BAKELIKE IVORY,998.25
PACK OF 60 MUSHROOM CAKE CASES,996.6
SET OF 5 MINI GROCERY MAGNETS,978.0
SPACEBOY BIRTHDAY CARD,976.32
TRADTIONAL ALPHABET STAMP SET,972.9
CAKE STAND WHITE TWO TIER LACE,972.1
36 PENCILS TUBE RED RETROSPOT,968.86
STRAWBERRY CERAMIC TRINKET BOX,963.73
JUMBO STORAGE BAG SKULLS,961.87
DOORMAT SPOTTY HOME SWEET HOME,961.5
MEMO BOARD RETROSPOT  DESIGN,954.85
RED 3 PIECE RETROSPOT CUTLERY SET,953.01
SET OF 3 CAKE TINS PANTRY DESIGN ,952.75
JUMBO BAG DOLLY GIRL DESIGN,951.29
EDWARDIAN PARASOL PINK,939.6
SET OF 3 NOTEBOOKS IN PARCEL,936.9
HAND WARMER OWL DESIGN,936.0
ROUND CONTAINER SET OF 5 RETROSPOT,934.65
TABLECLOTH RED APPLES DESIGN ,934.5
SET OF 9 BLACK SKULL BALLOONS,934.0
FOLKART ZINC HEART CHRISTMAS DEC,932.2900000000001
BOX OF 6 MINI 50'S CRACKERS,931.98
PINK HAPPY BIRTHDAY BUNTING,928.25
PACK OF 60 SPACEBOY CAKE CASES,928.1999999999999
PACK 3 BOXES BIRD PANNETONE ,925.2
CHILDS BREAKFAST SET SPACEBOY ,923.95
ASSORTED COLOURS SILK FAN,922.08
BUNDLE OF 3 ALPHABET EXERCISE BOOKS,917.55
PINK 3 PIECE POLKADOT CUTLERY SET,913.9100000000001
CHILDS BREAKFAST SET CIRCUS PARADE,911.2
SET OF 9 HEART SHAPED BALLOONS,894.9
CHARLOTTE BAG VINTAGE ALPHABET ,890.85
RED RETROSPOT ROUND CAKE TINS,887.3000000000001
DOLLY GIRL CHILDRENS BOWL,876.0999999999999
REGENCY TEA PLATE ROSES ,874.1999999999999
SET OF 2 CERAMIC CHRISTMAS REINDEER,867.9
LUNCH BAG PAISLEY PARK  ,863.6
SET OF 36 TEATIME PAPER DOILIES,862.1
SET/3 RED GINGHAM ROSE STORAGE BOX,855.66
MINI WOODEN HAPPY BIRTHDAY GARLAND,855.48
COFFEE MUG PEARS  DESIGN,855.0
WOODLAND  HEIGHT CHART STICKERS ,854.6999999999999
SET OF 60 PANTRY DESIGN CAKE CASES ,849.8499999999999
ICE CREAM PEN LIP GLOSS ,849.6
RECIPE BOX RETROSPOT ,840.6
SET 6 PAPER TABLE LANTERN STARS ,834.5999999999999
BREAD BIN DINER STYLE MINT,832.25
SET OF 4 JAM JAR MAGNETS,828.24
ROUND SNACK BOXES SET OF 4 SKULLS,825.9
JUMBO SHOPPER VINTAGE RED PAISLEY,819.9200000000001
RIBBON REEL LACE DESIGN ,815.1
60 CAKE CASES DOLLY GIRL DESIGN,810.7
JUMBO STORAGE BAG SUKI,809.93
RED HEART SHAPE LOVE BUCKET ,807.9
SET 6 PAPER TABLE LANTERN HEARTS ,800.43
WOODEN OWLS LIGHT GARLAND ,796.5
SET 10 LIGHTS NIGHT OWL,795.0
STRAWBERRY CHARLOTTE BAG,781.96
STRAWBERRY   PICNIC BAG,779.1
DOLLY GIRL CHILDRENS CUP,778.1999999999999
FUNKY DIVA PEN,775.1999999999999
4 TRADITIONAL SPINNING TOPS,768.15
RED RETROSPOT SHOPPER BAG,767.5
RECYCLED ACAPULCO MAT TURQUOISE,767.25
PACK OF 20 NAPKINS PANTRY DESIGN,765.5
WOODLAND DESIGN  COTTON TOTE BAG,765.0
RECIPE BOX PANTRY YELLOW DESIGN,763.95
CHILDREN'S CIRCUS PARADE MUG,761.55
RED STRIPE CERAMIC DRAWER KNOB,744.07
HAND WARMER BIRD DESIGN,738.5999999999999
SET OF 3 BUTTERFLY COOKIE CUTTERS,737.04
PACK OF 6 SKULL PAPER PLATES,736.4499999999999
RED RETROSPOT CUP,734.36
RED SPOT CERAMIC DRAWER KNOB,734.12
RAIN PONCHO RETROSPOT,729.5999999999999
60 TEATIME FAIRY CAKE CASES,725.3
I LOVE LONDON BABY GIFT SET,724.6500000000001
RED RETROSPOT OVEN GLOVE ,714.5
BLUE DINER WALL CLOCK,714.0
DOORMAT ENGLISH ROSE ,714.0
POPPY'S PLAYHOUSE BEDROOM ,713.4
ALARM CLOCK BAKELIKE ORANGE,712.5
SET OF 72 PINK HEART PAPER DOILIES,702.9
STRAWBERRY FAIRY CAKE TEAPOT,700.95
RETROSPOT PADDED SEAT CUSHION,698.85
SMALL RED RETROSPOT WINDMILL,698.52
SET OF 6 SNACK LOAF BAKING CASES,694.0
TOADSTOOL MONEY BOX,694.0
SET OF 3 HEART COOKIE CUTTERS,693.9399999999999
PACK OF 72 SKULL CAKE CASES,692.31
MAGNETS PACK OF 4 CHILDHOOD MEMORY,691.15
VINTAGE DONKEY TAIL GAME ,690.66
STOOL HOME SWEET HOME ,688.6
POPPY'S PLAYHOUSE KITCHEN,678.0
GREY HEART HOT WATER BOTTLE,674.0
CALENDAR PAPER CUT DESIGN,673.5
REGENCY SUGAR BOWL GREEN,672.5500000000001
HEART FILIGREE DOVE  SMALL,670.56
HEART FILIGREE DOVE LARGE,666.0
BLUE HAPPY BIRTHDAY BUNTING,664.9
RED GINGHAM ROSE JEWELLERY BOX,662.85
FAIRY TALE COTTAGE NIGHTLIGHT,662.4
CHILDREN'S SPACEBOY MUG,659.25
BOX OF 6 CHRISTMAS CAKE DECORATIONS,653.76
PENCIL CASE LIFE IS BEAUTIFUL,648.95
PINK PARTY BAGS,648.8
RED RETROSPOT BOWL,645.14
DOORMAT AIRMAIL ,644.7
SET OF SALT AND PEPPER TOADSTOOLS,642.64
ADVENT CALENDAR GINGHAM SACK,642.2
HEART IVORY TRELLIS SMALL,640.56
SET OF TEA COFFEE SUGAR TINS PANTRY,639.75
CHILDRENS DOLLY GIRL MUG,638.6999999999999
WALL TIDY RETROSPOT ,638.5
PINK BLUE FELT CRAFT TRINKET BOX,636.67
CHILDS BREAKFAST SET DOLLY GIRL ,633.5
JUMBO BAG VINTAGE LEAF,633.1
FOLDING BUTTERFLY MIRROR HOT PINK ,632.6400000000001
WOODEN HAPPY BIRTHDAY GARLAND,631.1999999999999
TRAVEL SEWING KIT,628.65
JAM JAR WITH PINK LID,619.61
BLUE STRIPE CERAMIC DRAWER KNOB,616.32
36 PENCILS TUBE WOODLAND,615.6800000000001
FELTCRAFT PRINCESS LOLA DOLL,606.69
PACK OF 6 SKULL PAPER CUPS,604.01
PANTRY MAGNETIC  SHOPPING LIST,603.4
DOORMAT UNION FLAG,601.5
SET OF 6 RIBBONS VINTAGE CHRISTMAS,601.12
WOODLAND BUNNIES LOLLY MAKERS,598.24
PICTURE DOMINOES,597.6
GREEN METAL BOX ARMY SUPPLIES,595.5
RECYCLED ACAPULCO MAT PINK,594.0
RED RETROSPOT BUTTER DISH,593.55
PARISIENNE KEY CABINET ,590.2
ROSES REGENCY TEACUP AND SAUCER ,589.2
ALARM CLOCK BAKELIKE CHOCOLATE,588.75
72 SWEETHEART FAIRY CAKE CASES,588.0
PICNIC BOXES SET OF 3 RETROSPOT ,585.8000000000001
RECYCLED ACAPULCO MAT GREEN,585.75
SET OF 12 FORK CANDLES,583.98
WATERING CAN PINK BUNNY,575.6999999999999
BLUE POLKADOT PLATE ,575.22
CARD DOLLY GIRL ,572.4000000000001
JUMBO BAG SCANDINAVIAN BLUE PAISLEY,570.94
12 PENCIL SMALL TUBE WOODLAND,566.75
PACK OF 60 PINK PAISLEY CAKE CASES,566.4499999999999
SET 3 PAPER VINTAGE CHICK PAPER EGG,564.9
SET OF 36 DOILIES PANTRY DESIGN,564.25
PINK CREAM FELT CRAFT TRINKET BOX ,564.17
PACK OF 12 TRADITIONAL CRAYONS,562.5600000000001
 SET 2 TEA TOWELS I LOVE LONDON ,561.6
LIGHT GARLAND BUTTERFILES PINK,557.0
STAR WREATH DECORATION WITH BELL,554.52
TV DINNER TRAY DOLLY GIRL,552.1999999999999
PARISIENNE JEWELLERY DRAWER ,551.7
RIBBON REEL STRIPES DESIGN ,547.65
WHITE ROCKING HORSE HAND PAINTED,543.27
TRADITIONAL KNITTING NANCY,539.55
REGENCY MILK JUG PINK ,538.0
PACK OF 20 SKULL PAPER NAPKINS,536.89
TRADITIONAL MODELLING CLAY,536.16
FOLDING BUTTERFLY MIRROR RED  ,535.3000000000001
PACK 3 BOXES CHRISTMAS PANNETONE,527.4
VINTAGE DOILY TRAVEL SEWING KIT,526.5
ENGLISH ROSE HOT WATER BOTTLE,525.0
HEART WREATH DECORATION WITH BELL,524.52
SET/5 RED RETROSPOT LID GLASS BOWLS,523.5
POMPOM CURTAIN,523.2
SET OF 6 NATIVITY MAGNETS ,520.96
EASTER TIN BUNNY BOUQUET,519.45
ICE CREAM BUBBLES,514.6
DOILEY STORAGE TIN,513.5899999999999
5 HOOK HANGER MAGIC TOADSTOOL,513.3
RED ROCKING HORSE HAND PAINTED,513.27
PINK POLKADOT BOWL,512.64
JUMBO BAG PAISLEY PARK,511.92
BLUE OWL SOFT TOY,511.8
CABIN BAG VINTAGE RETROSPOT,511.2
WOODEN ADVENT CALENDAR CREAM,509.4
PACK OF 20 SPACEBOY NAPKINS,505.34000000000003
SET OF 16 VINTAGE ROSE CUTLERY,505.05
SET OF 3 HANGING OWLS OLLIE BEAK,504.36
Manual,503.9199999999999
FELTCRAFT CHRISTMAS FAIRY,503.0
SET OF 60 I LOVE LONDON CAKE CASES ,502.65
ROTATING SILVER ANGELS T-LIGHT HLDR,501.90000000000003
POPPY'S PLAYHOUSE LIVINGROOM ,501.59999999999997
SET3 BOOK BOX GREEN GINGHAM FLOWER ,499.75
RED WOOLLY HOTTIE WHITE HEART.,497.5
BLUE POLKADOT CUP,496.94
BLUE SPOT CERAMIC DRAWER KNOB,496.79999999999995
RECYCLED ACAPULCO MAT RED,495.0
RECYCLED ACAPULCO MAT LAVENDER,495.0
RED METAL BOX TOP SECRET,492.0
SUKI  SHOULDER BAG,489.65
 I LOVE LONDON MINI BACKPACK,487.05
SET 2 TEA TOWELS I LOVE LONDON ,486.25
RED DINER WALL CLOCK,486.2
PAPER CHAIN KIT 50'S CHRISTMAS ,485.95
HOME SWEET HOME METAL SIGN ,484.5
SET OF 36 DOILIES SPACEBOY DESIGN ,481.8
PACK OF 60 DINOSAUR CAKE CASES,481.5
DOORMAT RESPECTABLE HOUSE,480.0
SKULL AND CROSSBONES  GARLAND ,475.8
MINI FUNKY DESIGN TAPES,475.7
LUNCH BAG SUKI  DESIGN ,471.5
SET 12 KIDS COLOUR  CHALK STICKS,471.06000000000006
RIBBON REEL POLKADOTS ,471.0
SET OF 6 SPICE TINS PANTRY DESIGN,469.75
FELTCRAFT PRINCESS CHARLOTTE DOLL,464.19
SPACEBOY ROCKET LOLLY MAKERS,460.96000000000004
BUNDLE OF 3 SCHOOL EXERCISE BOOKS  ,460.95
16 PIECE CUTLERY SET PANTRY DESIGN,459.5
DOORMAT NEW ENGLAND,456.0
SET OF 16 VINTAGE SKY BLUE CUTLERY,454.05
VINTAGE HEADS AND TAILS CARD GAME ,452.64
POLKADOT PEN,448.79999999999995
GREEN 3 PIECE POLKADOT CUTLERY SET,444.83000000000004
JAM JAR WITH GREEN LID,444.77
GIRLS VINTAGE TIN SEASIDE BUCKET,443.1
ABC TREASURE BOOK BOX ,442.8
DELUXE SEWING KIT ,441.95
BIG DOUGHNUT FRIDGE MAGNETS,438.59999999999997
FELTCRAFT PRINCESS OLIVIA DOLL,437.94
TEA PARTY BIRTHDAY CARD,437.76
IVORY HANGING DECORATION  HEART,437.6700000000001
CIRCUS PARADE CHILDRENS EGG CUP ,437.5
BABUSHKA LIGHTS STRING OF 10,434.1
HEART IVORY TRELLIS LARGE,432.0
RED RETROSPOT SHOPPING BAG,430.95000000000005
BAKING SET SPACEBOY DESIGN,430.65
CHRISTMAS CRAFT WHITE FAIRY ,430.5
BOX OF VINTAGE ALPHABET BLOCKS,430.0
WOODEN SCHOOL COLOURING SET,428.25
OVEN MITT APPLES DESIGN,428.05
BUTTON BOX ,427.5
GROW A FLYTRAP OR SUNFLOWER IN TIN,422.64
20 DOLLY PEGS RETROSPOT,422.1
LUNCH BAG RED VINTAGE DOILY,422.0
SINGLE HEART ZINC T-LIGHT HOLDER,421.08000000000004
PINK FAIRY CAKE CHILDRENS APRON,421.05
LONDON BUS COFFEE MUG,420.75
PINK  POLKADOT PLATE ,419.12
MINI JIGSAW SPACEBOY,418.02
PINK  POLKADOT CUP,417.03999999999996
WOODEN CROQUET GARDEN SET,416.5
METAL 4 HOOK HANGER FRENCH CHATEAU,416.3
FELTCRAFT 6 FLOWER FRIENDS,415.7
BAKING MOULD ROSE MILK CHOCOLATE,415.5
PAPER CHAIN KIT RETROSPOT,415.15
SET 36 COLOUR PENCILS SPACEBOY ,413.86
GREEN REGENCY TEACUP AND SAUCER,413.7
SET 36 COLOUR PENCILS DOLLY GIRL,412.61
PACK OF 6 PANNETONE GIFT BOXES,409.5
FRYING PAN RED RETROSPOT,408.5
CHRISTMAS CRAFT LITTLE FRIENDS,408.4
WHITE SPOT BLUE CERAMIC DRAWER KNOB,406.7
REGENCY TEA STRAINER,405.84
VICTORIAN GLASS HANGING T-LIGHT,401.1
POPPY'S PLAYHOUSE BATHROOM,400.8
VINTAGE DOILY DELUXE SEWING KIT ,400.3
WRAP RED APPLES ,399.0
DINOSAUR PARTY BAG + STICKER SET,398.54999999999995
PIGGY BANK RETROSPOT ,397.5
ZINC FOLKART SLEIGH BELLS,397.08000000000004
WHITE WOOD GARDEN PLANT LADDER,395.55
DOORMAT FAIRY CAKE,394.8
"HOOK, 1 HANGER ,MAGIC GARDEN",394.63
FELTCRAFT CUSHION OWL,394.08
HEART SHAPED HOLLY WREATH,389.05
CHICK GREY HOT WATER BOTTLE,385.55
RED RETROSPOT PEG BAG,384.45
RETROSPOT LARGE MILK JUG,384.15
MINI JIGSAW DOLLY GIRL,381.6
RED RETROSPOT MUG,381.59999999999997
BLUE POLKADOT BOWL,381.32
PINK  HEART SHAPE LOVE BUCKET ,378.0
SET OF 2 CERAMIC PAINTED HEARTS ,377.4
MINT DINER WALL CLOCK,377.4
PINK DINER WALL CLOCK,377.4
DOORMAT WELCOME TO OUR HOME,375.9
SAVE THE PLANET COTTON TOTE BAG,375.75
STORAGE TIN VINTAGE DOILY ,375.7
ZINC T-LIGHT HOLDER STARS SMALL,370.8
FELTCRAFT DOLL MOLLY,370.2
BOX OF 6 MINI VINTAGE CRACKERS,368.52
PANTRY WASHING UP BRUSH,368.4
VICTORIAN SEWING KIT,367.20000000000005
SKULLS PARTY BAG + STICKER SET,367.19999999999993
BLACK HEART CARD HOLDER,366.12
APRON APPLE DELIGHT,365.95
HANGING HEART JAR T-LIGHT HOLDER,365.28
SET OF 4 KNICK KNACK TINS LEAF,365.2
PINK VINTAGE PAISLEY PICNIC BAG,365.1
COWBOYS AND INDIANS BIRTHDAY CARD ,365.04
RED VINTAGE SPOT BEAKER,363.49
FOOD COVER WITH BEADS SET 2 ,361.5
STRAWBERRY SHOPPER BAG,360.5
HANGING CHICK  YELLOW DECORATION,360.0
YELLOW METAL CHICKEN HEART ,360.0
PINK METAL CHICKEN HEART ,360.0
QUEENS GUARD COFFEE MUG,358.65
BULL DOG BOTTLE OPENER,358.2
ASSORTED EASTER DECORATIONS  BELLS,357.78
EMBROIDERED RIBBON REEL DAISY ,357.59999999999997
DOORMAT KEEP CALM AND COME IN,354.0
ROMANTIC PINKS RIBBONS ,353.89
MAGNETS PACK OF 4 SWALLOWS,351.21
RED GINGHAM TEDDY BEAR ,351.0
SPACEBOY TV DINNER TRAY,350.55
ENCHANTED BIRD COATHANGER 5 HOOK,350.28
PAINTED METAL PEARS ASSORTED,349.84
OFFICE MUG WARMER POLKADOT,348.09999999999997
RED RETROSPOT SUGAR JAM BOWL,346.2
SKULLS  WATER TRANSFER TATTOOS ,344.2
JUMBO  BAG BAROQUE BLACK WHITE,343.32
WATERING CAN BLUE ELEPHANT,343.2
GREEN POLKADOT PLATE ,342.0
CERAMIC STRAWBERRY CAKE MONEY BANK,341.84
RED RETROSPOT SMALL MILK JUG,341.7
I LOVE LONDON BEAKER,341.0
KNICKERBOCKERGLORY MAGNET ASSORTED ,340.76000000000005
WOODEN ADVENT CALENDAR RED,340.20000000000005
BUNDLE OF 3 RETRO NOTE BOOKS,339.90000000000003
REGENCY CAKE SLICE,338.40000000000003
CLOCK MAGNET MUM'S KITCHEN,338.28
ZINC WILLIE WINKIE  CANDLE STICK,337.68
EASTER TIN BUCKET,336.0
EMBROIDERED RIBBON REEL SUSIE ,334.72
PINK BABY BUNTING,334.0
ZINC METAL HEART DECORATION,333.96000000000004
SCANDINAVIAN REDS RIBBONS,333.75
LUNCH BAG VINTAGE LEAF DESIGN,333.3
PACK OF 6 SWEETIE GIFT BOXES,333.0
PARISIENNE CURIO CABINET,332.1
BISCUIT TIN 50'S CHRISTMAS,329.46
JUNGLE POPSICLES ICE LOLLY MOULDS,326.76
EMBROIDERED RIBBON REEL ROSIE,324.32
EMBROIDERED RIBBON REEL EMILY ,324.32
BOYS VINTAGE TIN SEASIDE BUCKET,324.0
BLUE VINTAGE SPOT BEAKER,322.69
SET 36 COLOUR PENCILS LOVE LONDON,321.36
3 STRIPEY MICE FELTCRAFT,320.55
SET OF 60 VINTAGE LEAF CAKE CASES ,318.45
EMBROIDERED RIBBON REEL REBECCA ,317.07
INFLATABLE POLITICAL GLOBE ,317.05
SWEETHEART CERAMIC TRINKET BOX,316.25
SET 3 SONG BIRD PAPER EGGS ASSORTED,315.6
PACK OF 12 WOODLAND TISSUES ,315.44
ROBOT BIRTHDAY CARD,315.36
SET OF 6 SOLDIER SKITTLES,315.0
WOODEN BOX OF DOMINOES,315.0
STORAGE TIN VINTAGE LEAF,312.54
GIANT 50'S CHRISTMAS CRACKER,312.12
BALLOON PUMP WITH 10 BALLOONS,312.0
EMBROIDERED RIBBON REEL SALLY ,309.76
WOODEN PICTURE FRAME WHITE FINISH,307.7
SET OF 6 HERB TINS SKETCHBOOK,307.0
COTTON APRON PANTRY DESIGN,306.55
EASTER TIN KEEPSAKE,305.1
HAND WARMER RED RETROSPOT,303.6
PINK VINTAGE SPOT BEAKER,302.29
SCANDINAVIAN PAISLEY PICNIC BAG,301.85
BROCANTE SHELF WITH HOOKS,301.7
CARD BIRTHDAY COWBOY,299.52000000000004
SCOTTIE DOG HOT WATER BOTTLE,297.0
IVORY DINER WALL CLOCK,295.8
FELTCRAFT GIRL AMELIE KIT,294.7
SET OF 72 SKULL PAPER  DOILIES,294.0
FAIRY CAKE BIRTHDAY CANDLE SET,293.7
FRYING PAN PINK POLKADOT,293.0
JUMBO BAG TOYS ,292.66
MARIE ANTOINETTE TRINKET BOX GOLD,292.6
PAPER BUNTING VINTAGE PARTY,292.5
BIRDS MOBILE VINTAGE DESIGN,291.55
BLACK RECORD COVER FRAME,291.36
TEA BAG PLATE RED RETROSPOT,290.7
CARD GINGHAM ROSE ,287.28000000000003
WOODEN SKITTLES GARDEN SET,286.95
RED RETROSPOT PURSE ,286.15
DOORMAT FANCY FONT HOME SWEET HOME,285.9
HOT WATER BOTTLE BABUSHKA ,283.2
EMBROIDERED RIBBON REEL RACHEL ,282.39
SAVE THE PLANET MUG,281.1
HAPPY STENCIL CRAFT,280.14
"ASSORTED FLOWER COLOUR ""LEIS""",279.59999999999997
REGENCY SUGAR TONGS,279.36
FELT TOADSTOOL LARGE,278.52
HAND WARMER RED LOVE HEART,278.4
HOMEMADE JAM SCENTED CANDLES,278.4
REGENCY TEA PLATE GREEN ,277.79999999999995
FOLDING UMBRELLA RED/WHITE POLKADOT,277.2
SET OF 6 STRAWBERRY CHOPSTICKS,277.2
OPEN CLOSED METAL SIGN,276.75
CAKE STAND LOVEBIRD 2 TIER PINK,276.4
CHERRY BLOSSOM  DECORATIVE FLASK,276.36
WOODLAND  STICKERS,276.25
HANGING HEART ZINC T-LIGHT HOLDER,276.12
VINTAGE LEAF MAGNETIC NOTEPAD,273.15
SET/10 IVORY POLKADOT PARTY CANDLES,272.5
JUMBO BAG VINTAGE CHRISTMAS ,272.48
HANGING MINI COLOURED BOTTLES,271.67999999999995
CHOCOLATE BOX RIBBONS ,271.25
EMBROIDERED RIBBON REEL SOPHIE  ,270.63
EMBROIDERED RIBBON REEL CLAIRE,270.63
PARTY INVITES WOODLAND,270.28
PARTY CONES CANDY ASSORTED,269.7
DRAWER KNOB CERAMIC IVORY,267.9
SET OF 16 VINTAGE RED CUTLERY,267.75
36 FOIL STAR CAKE CASES ,265.8
BAKING MOULD HEART WHITE CHOCOLATE,265.34999999999997
MAKE YOUR OWN FLOWERPOWER CARD KIT,264.0
RECYCLED ACAPULCO MAT BLUE,264.0
SKETCHBOOK MAGNETIC SHOPPING LIST,263.9
NOVELTY BISCUITS CAKE STAND 3 TIER,263.7
MAGNETS PACK OF 4 VINTAGE COLLAGE,263.57
STRAWBERRY HONEYCOMB  GARLAND ,263.4
SET OF 16 VINTAGE BLACK CUTLERY,262.8
CERAMIC CAKE BOWL + HANGING CAKES,262.55
MAGIC DRAWING SLATE CIRCUS PARADE  ,262.08
SILK PURSE BABUSHKA PINK,261.3
FOUR HOOK  WHITE LOVEBIRDS,260.4
6 GIFT TAGS VINTAGE CHRISTMAS ,259.79
EMBROIDERED RIBBON REEL RUBY ,259.38
SET OF 4 KNICK KNACK TINS POPPIES,258.9
GINGHAM RECIPE BOOK BOX,258.6
PINK REGENCY TEACUP AND SAUCER,258.1
PAINT YOUR OWN EGGS IN CRATE,257.76
SMALL POPCORN HOLDER,257.55
HAND WARMER SCOTTY DOG DESIGN,257.4
CAKE PLATE LOVEBIRD PINK,256.95
PANTRY SCRUBBING BRUSH,255.75
MAGIC SHEEP WOOL GROWING FROM PAPER,255.0
MAGIC DRAWING SLATE SPACEBOY ,254.76000000000002
RED RETROSPOT TRADITIONAL TEAPOT ,254.25000000000003
CALENDAR IN SEASON DESIGN,254.0
SET 6 SCHOOL MILK BOTTLES IN CRATE,252.72
GUMBALL MAGAZINE RACK,252.45
RED RETROSPOT WRAP ,252.0
RED POLKADOT BEAKER ,251.94
BELLE JARDINIERE CUSHION COVER,251.25
WOODLAND STORAGE BOX LARGE ,249.25
HAND WARMER BABUSHKA DESIGN,248.4
METAL DECORATION NAUGHTY CHILDREN ,248.2
DRAWER KNOB CRACKLE GLAZE PINK,248.1
DRAWER KNOB CRACKLE GLAZE IVORY,248.1
LOVEBIRD HANGING DECORATION WHITE ,247.31
CERAMIC CHERRY CAKE MONEY BANK,246.6
CARD HOLDER LOVE BIRD SMALL,245.18
SWEETHEART RECIPE BOOK STAND,244.4
PINK FLORAL FELTCRAFT SHOULDER BAG,244.08
PAPER BUNTING COLOURED LACE,243.6
CHRISTMAS METAL TAGS ASSORTED ,243.06
BAKING MOULD CHOCOLATE CUPCAKES,242.25
CAKE PLATE LOVEBIRD WHITE,242.1
DRAWER KNOB CERAMIC BLACK,241.8
MINI PLAYING CARDS SPACEBOY ,241.44000000000003
VINTAGE DOILY JUMBO BAG RED ,241.28
SPACEBOY CHILDRENS EGG CUP,241.25
GREEN POLKADOT BOWL,240.0
3 HOOK PHOTO SHELF ANTIQUE WHITE,238.0
FELTCRAFT CUSHION RABBIT,237.72
SET OF 3 CAKE TINS SKETCHBOOK,237.6
RED APPLES CHOPPING BOARD   ,237.6
LARGE DECO JEWELLERY STAND,237.5
TREASURE TIN GYMKHANA DESIGN,235.04000000000002
TEA TIME PARTY BUNTING,234.6
ROUND STORAGE TIN VINTAGE LEAF,234.0
MILK PAN RED RETROSPOT,232.5
GIN + TONIC DIET METAL SIGN,232.14
SCHOOL DESK AND CHAIR ,231.8
JAM CLOCK MAGNET,231.3
SMALL MEDINA STAMPED METAL BOWL ,230.4
PLACE SETTING WHITE HEART,230.28
OFFICE MUG WARMER PINK,230.1
MEASURING TAPE BABUSHKA PINK,230.1
SET OF 16 VINTAGE PISTACHIO CUTLERY,229.5
PASTEL COLOUR HONEYCOMB FAN,229.40999999999997
LE JARDIN BOTANIQUE CUSHION COVER,228.75
WOODLAND SMALL RED FELT HEART,228.71
DRAWER KNOB CRACKLE GLAZE BLUE,228.3
DRAWER KNOB CRACKLE GLAZE GREEN,228.3
COFFEE MUG CAT + BIRD DESIGN,226.95000000000002
FUNKY WASHING UP GLOVES ASSORTED,226.68
TV DINNER TRAY AIR HOSTESS ,225.3
BUBBLEGUM RING ASSORTED,224.64
COLOURING PENCILS BROWN TUBE,224.5
WORLD WAR 2 GLIDERS ASSTD DESIGNS,222.72
RED RETROSPOT TAPE,222.35999999999999
STARS GIFT TAPE ,221.76
EASTER CRAFT 4 CHICKS ,221.4
BLUE TEA TOWEL CLASSIC DESIGN,221.02
RED TEA TOWEL CLASSIC DESIGN,221.02
RECYCLING BAG RETROSPOT ,220.5
CHEST NATURAL WOOD 20 DRAWERS,220.0
CARD CIRCUS PARADE,219.3
RETROSPOT LAMP,218.89999999999998
MAGIC DRAWING SLATE DOLLY GIRL ,218.88
SET OF 6 RIBBONS COUNTRY STYLE,218.76000000000002
TEA TIME TEAPOT IN GIFT BOX,218.0
HOT WATER BOTTLE KEEP CALM,217.8
RED RETROSPOT BIG BOWL,217.79999999999998
RED REFECTORY CLOCK ,217.2
BAKING MOULD TOFFEE CUP CHOCOLATE,216.9
REGENCY TEA PLATE PINK,216.75
BEWARE OF THE CAT METAL SIGN ,216.63
RIBBON REEL CHRISTMAS SOCK BAUBLE,216.15
WOODLAND LARGE PINK FELT HEART,215.93
VICTORIAN SEWING BOX LARGE,215.25
TOADSTOOL BEDSIDE LIGHT ,214.79999999999998
MINI CAKE STAND T-LIGHT HOLDER,214.56
RED RETROSPOT APRON ,214.20000000000002
MINI JIGSAW CIRCUS PARADE ,212.88
GREEN VINTAGE SPOT BEAKER,212.77
SPACEBOY GIFT WRAP,210.0
SILVER BELLS TABLE DECORATION,209.76
ZINC  STAR T-LIGHT HOLDER ,209.76
PACK OF 12 LONDON TISSUES ,209.64
BLUE BUNNY EASTER EGG BASKET,208.8
PINK BUNNY EASTER EGG BASKET,208.8
PEARLISED IVORY HEART LARGE ,208.8
60 CAKE CASES VINTAGE CHRISTMAS,208.79999999999998
STRAWBERRY CERAMIC TRINKET POT,208.75
SEWING BOX RETROSPOT DESIGN ,207.75
FELTCRAFT CUSHION BUTTERFLY,207.72
PAPER BUNTING PAISLEY PARK,206.95
ROCKING HORSE RED CHRISTMAS ,206.82
CARD PARTY GAMES ,205.92000000000002
SCOTTIE DOGS BABY BIB,205.92
TOOL BOX SOFT TOY ,205.85
TEA TIME OVEN GLOVE,205.5
12 PENCILS SMALL TUBE RED RETROSPOT,205.4
ANGEL DECORATION PAINTED ZINC ,205.2
DOORMAT WELCOME PUPPIES,204.45
CHRISTMAS LIGHTS 10 REINDEER,204.0
CHRISTMAS RETROSPOT ANGEL WOOD,203.98
MONSTERS STENCIL CRAFT,203.82
SILVER STARS TABLE DECORATION,203.28000000000003
ROLL WRAP VINTAGE CHRISTMAS,202.5
DOORMAT NEIGHBOURHOOD WITCH ,201.9
RED LOVE HEART SHAPE CUP,201.72
PINK LOVE HEART SHAPE CUP,201.72
MAGNETS PACK OF 4 RETRO PHOTO,201.45
SET OF 6 RIBBONS PERFECTLY PRETTY  ,201.42000000000002
PINK DOUGHNUT TRINKET POT ,201.3
RAINY LADIES BIRTHDAY CARD,200.16
CABIN BAG VINTAGE PAISLEY,200.15
LIPSTICK PEN RED,199.8
BOX OF 24 COCKTAIL PARASOLS,199.5
SET OF 4 KNICK KNACK TINS LEAVES ,199.2
BROCANTE COAT RACK,199.0
VINTAGE CREAM 3 BASKET CAKE STAND,199.0
PEG BAG APPLES DESIGN,198.9
SET 6 FOOTBALL CELEBRATION CANDLES,198.75
RED RETROSPOT STORAGE JAR,198.48000000000002
TRADITIONAL NAUGHTS & CROSSES,198.0
CERAMIC CAKE DESIGN SPOTTED PLATE,196.67999999999998
CERAMIC CAKE DESIGN SPOTTED MUG,196.67999999999998
GLASS  BEURRE DISH,196.53
MULTI COLOUR SILVER T-LIGHT HOLDER,195.19
FELTCRAFT DOLL ROSIE,194.7
SET/20 STRAWBERRY PAPER NAPKINS ,194.28
CARD HOLDER LOVE BIRD LARGE ,194.04
3D HEARTS  HONEYCOMB PAPER GARLAND,193.20000000000002
MINI JIGSAW PURDEY,192.96
BICYCLE PUNCTURE REPAIR KIT ,191.28
PANTRY ROLLING PIN,191.25
AIRLINE BAG VINTAGE JET SET RED,191.25
AREA PATROLLED METAL SIGN,191.1
"ELEPHANT, BIRTHDAY CARD, ",190.08
6 GIFT TAGS 50'S CHRISTMAS ,190.07000000000002
WOODEN FRAME ANTIQUE WHITE ,188.8
FAMILY ALBUM WHITE PICTURE FRAME,188.7
PINK  HONEYCOMB PAPER BALL ,187.92000000000002
MULTICOLOUR HONEYCOMB FAN,187.07999999999998
SET 12 KIDS  WHITE CHALK STICKS,186.42000000000002
MINI PLAYING CARDS DOLLY GIRL ,186.42000000000002
RED RETROSPOT TEA CUP AND SAUCER ,186.36
CARRIAGE,186.0
FAIRY CAKE FLANNEL ASSORTED COLOUR,185.85
JUMBO BAG SCANDINAVIAN PAISLEY,184.5
HAND TOWEL PALE BLUE W FLOWERS,184.5
DOLLY HONEYCOMB GARLAND,184.2
SET OF 6 RIBBONS PARTY,184.08
PACK OF 12 RED RETROSPOT TISSUES ,183.89
LARGE APOTHECARY MEASURING JAR ,183.8
DOORMAT HEARTS,183.3
PARTY CONES CANDY DECORATION,183.0
DOORMAT MERRY CHRISTMAS RED ,182.7
JUMBO BAG CHARLIE AND LOLA TOYS,181.08
MISELTOE HEART WREATH ,180.0
MISTLETOE HEART WREATH GREEN,180.0
MISELTOE HEART WREATH WHITE,180.0
MAKE YOUR OWN MONSOON CARD KIT,179.95
METAL SIGN TAKE IT OR LEAVE IT ,179.95
SET/4 WHITE RETRO STORAGE CUBES ,179.75
COLOUR GLASS T-LIGHT HOLDER HANGING,179.20000000000002
KEY RING BASEBALL BOOT ASSORTED ,179.0
NURSE'S BAG SOFT TOY,179.0
TEA TIME KITCHEN APRON,178.5
ENAMEL FLOWER JUG CREAM,178.5
BAKING MOULD EASTER EGG WHITE CHOC,178.45
SET OF 36 PAISLEY FLOWER DOILIES,178.34999999999997
MOBILE VINTAGE HEARTS ,178.2
PAPERWEIGHT CHILDHOOD MEMORIES,178.08
SKULL SHOULDER BAG,178.0
GLASS  SONGBIRD STORAGE JAR,176.7
DOVE DECORATION PAINTED ZINC ,176.64000000000001
BISCUIT TIN VINTAGE CHRISTMAS,176.34
PARTY PIZZA DISH RED RETROSPOT,175.67999999999998
KIDS RAIN MAC BLUE,175.2
WOOD BLACK BOARD ANT WHITE FINISH,173.85
HEART DECORATION PAINTED ZINC ,172.70000000000002
TRADITIONAL PICK UP STICKS GAME ,172.5
DRAWER KNOB CERAMIC RED,172.2
BLUE PARTY BAGS ,172.2
PINK PAINTED KASHMIRI CHAIR,171.8
TRADITIONAL WOODEN SKIPPING ROPE,171.14999999999998
OFFICE MUG WARMER CHOC+BLUE,171.1
NO SINGING METAL SIGN,170.7
LOVE SEAT ANTIQUE WHITE METAL,170.0
ZINC  HEART T-LIGHT HOLDER,169.76
BOTTLE BAG RETROSPOT ,168.5
PANTRY CHOPPING BOARD,168.3
FIVE HEART HANGING DECORATION,168.15
BLUE POLKADOT WRAP,168.0
PINK POLKADOT WRAP ,168.0
WRAP  VINTAGE DOILY ,168.0
POPCORN HOLDER,167.45
CINDERELLA CHANDELIER ,167.0
DOORMAT HOME SWEET HOME BLUE ,166.8
WOODLAND STORAGE BOX SMALL,166.5
DOLLCRAFT GIRL AMELIE KIT,166.0
DOLLCRAFT BOY JEAN-PAUL ,166.0
CERAMIC PIRATE CHEST MONEY BANK,165.39999999999998
HOLIDAY FUN LUDO,165.0
SOLDIERS EGG CUP ,165.0
ROLL WRAP 50'S CHRISTMAS,165.0
WHITE SKULL HOT WATER BOTTLE ,164.0
CARDHOLDER HOLLY WREATH METAL,162.72
BASKET OF TOADSTOOLS,162.5
SET/6 FRUIT SALAD  PAPER PLATES,162.48
BLACK CHRISTMAS TREE 120CM,162.48
RED BABY BUNTING ,162.25
12 PENCILS TALL TUBE WOODLAND,160.64999999999998
3D CHRISTMAS STAMPS STICKERS ,159.48000000000002
HANGING QUILTED PATCHWORK APPLES,159.36
MAKE YOUR OWN PLAYTIME CARD KIT,159.3
PAPER BUNTING WHITE LACE,159.3
BLUE REFECTORY CLOCK ,159.2
LOVE HEART SOCK HANGER,159.0
BLUE COAT RACK PARIS FASHION,158.4
CLASSIC CHROME BICYCLE BELL ,158.04999999999998
3D TRADITIONAL CHRISTMAS STICKERS,157.5
SET OF 6 HEART CHOPSTICKS,157.2
PACK OF 12 RED APPLE TISSUES,156.96
DINOSAUR HEIGHT CHART STICKER SET,156.35
CLASSIC CAFE SUGAR DISPENSER,156.19
TREASURE TIN BUFFALO BILL ,156.0
GLASS APOTHECARY BOTTLE TONIC,155.8
PLACE SETTING WHITE STAR,155.52
PACK OF 12 COLOURED PENCILS,154.68
CHRISTMAS GINGHAM STAR,154.68
CHRISTMAS GINGHAM TREE,154.68
PHOTO CUBE,153.45000000000002
PINK PADDED MOBILE,153.0
PINK POLKADOT CHILDRENS UMBRELLA,152.75
PINK POLKADOT PLATE ,152.72
MODERN FLORAL STATIONERY SET,152.7
LARGE RED BABUSHKA NOTEBOOK ,152.16
RETROSPOT RED WASHING UP GLOVES,151.2
ICE CREAM DESIGN GARDEN PARASOL,150.3
SET OF 3 WOODEN SLEIGH DECORATIONS,150.0
SET/4 SKULL BADGES,150.0
BLUE POLKADOT BEAKER ,149.76
CHRISTMAS HANGING STAR WITH BELL,149.76
SWEETHEART 3 TIER CAKE STAND ,149.25
CHRISTMAS METAL POSTCARD WITH BELLS,147.89999999999998
WRAP DOILEY DESIGN,147.0
FRENCH ENAMEL CANDLEHOLDER,147.0
SET 12 COLOUR PENCILS SPACEBOY ,146.9
SMALL HEART MEASURING SPOONS,146.65
APOTHECARY MEASURING JAR,146.3
SMALL SKULL WINDMILL,146.28
TEA TIME TEA SET IN GIFT BOX,145.95
CHERRY BLOSSOM DECORATIVE FLASK,145.68
FAIRY TALE COTTAGE NIGHT LIGHT,144.29999999999998
RING OF ROSES BIRTHDAY CARD,144.0
LARGE CERAMIC TOP STORAGE JAR,144.0
12 PENCILS SMALL TUBE SKULL,143.65
WOOD S/3 CABINET ANT WHITE FINISH,143.2
KIDS RAIN MAC PINK,142.79999999999998
CHARLIE & LOLA WASTEPAPER BIN FLORA,142.5
SET 12 COLOUR PENCILS DOLLY GIRL ,142.35
CREAM HEART CARD HOLDER,142.20000000000002
CLASSIC BICYCLE CLIPS ,142.2
SWEETHEART CAKESTAND 3 TIER,141.8
BALLOONS  WRITING SET ,140.25
FELT TOADSTOOL  SMALL,140.25
GLASS APOTHECARY BOTTLE ELIXIR,140.0
GLASS APOTHECARY BOTTLE PERFUME,140.0
SET OF 12  VINTAGE POSTCARD SET,139.5
BEADED CHANDELIER T-LIGHT HOLDER,138.6
LARGE HEART MEASURING SPOONS,138.6
BLUE POLKADOT WASHING UP GLOVES,138.6
SET/4 BADGES BALLOON GIRL,137.5
PARISIENNE SEWING BOX,137.5
PAPER CHAIN KIT SKULLS ,137.4
PENS ASSORTED FUNNY FACE,136.8
WRAP GREEN PEARS ,136.5
WRAP ENGLISH ROSE ,136.5
WRAP 50'S  CHRISTMAS,136.5
WRAP CHRISTMAS VILLAGE,136.5
SET OF 3 WOODEN STOCKING DECORATION,136.25
200 RED + WHITE BENDY STRAWS,136.25
OFFICE MUG WARMER BLACK+SILVER ,135.7
CHRISTMAS RETROSPOT TREE WOOD,134.28
OWL DOORSTOP,133.65
COCKTAIL SWORDS 50 PIECES,133.56
CHRISTMAS TREE HANGING GOLD,133.56
ZINC T-LIGHT HOLDER STAR LARGE,132.84
SNOWSTORM PHOTO FRAME FRIDGE MAGNET,132.6
PACK OF 12 SPACEBOY TISSUES,132.48
SMALL DECO JEWELLERY STAND,132.0
BLUE SAVANNAH PICNIC HAMPER FOR 2,131.4
RECTANGULAR SHAPED MIRROR,131.14000000000001
LOVE HOT WATER BOTTLE,130.9
12 PENCILS TALL TUBE RED RETROSPOT,130.89999999999998
WATERING CAN GREEN DINOSAUR,130.65
CLASSIC METAL BIRDCAGE PLANT HOLDER,130.6
PACK OF 12 CIRCUS PARADE TISSUES ,130.56
CERAMIC STRAWBERRY MONEY BOX,130.5
MEDIUM CERAMIC TOP STORAGE JAR,129.84
SET/6 FRUIT SALAD PAPER CUPS,128.88
36 PENCILS TUBE SKULLS,128.75
EASTER TIN CHICKS IN GARDEN,128.70000000000002
DOORMAT VINTAGE LEAF,128.55
SMALL PURPLE BABUSHKA NOTEBOOK ,127.92
CERAMIC CAKE STAND + HANGING CAKES,127.69999999999999
UNION STRIPE WITH FRINGE  HAMMOCK,127.2
CHRISTMAS CRAFT TREE TOP ANGEL,126.0
WRAP SUKI AND FRIENDS,126.0
PACK OF 12 SKULL TISSUES,125.52
KNITTED UNION FLAG HOT WATER BOTTLE,125.5
HAND TOWEL PINK FLOWER AND DAISY,125.0
PACK OF 12 PINK POLKADOT TISSUES,124.97
WOODEN REGATTA BUNTING,124.95000000000002
PACK OF 6 COCKTAIL PARASOL STRAWS,124.68
MEASURING TAPE BABUSHKA BLUE,123.9
FELTCRAFT DOLL EMILY,123.9
PARTY CHARMS 50 PIECES,123.60000000000001
"BIRTHDAY CARD, RETRO SPOT",123.12
CERAMIC STRAWBERRY DESIGN MUG,123.02
TRADITIONAL WOODEN CATCH CUP GAME ,122.5
VINTAGE CHRISTMAS STOCKING ,122.4
RIBBON REEL CHRISTMAS PRESENT ,122.1
TRIPLE HOOK ANTIQUE IVORY ROSE,121.73
PENNY FARTHING BIRTHDAY CARD,121.68
BLUE PAISLEY JOURNAL ,121.49999999999999
CLASSIC GLASS COOKIE JAR,120.35
FELTCRAFT BUTTERFLY HEARTS,120.3
MINI CAKE STAND  HANGING STRAWBERY,120.08999999999999
PINK FAIRY CAKE CUSHION COVER,120.0
"SWISS ROLL TOWEL, PINK  SPOTS",120.0
VINTAGE RED TRIM ENAMEL BOWL ,120.0
FLORAL FOLK STATIONERY SET,120.0
CHOCOLATE THIS WAY METAL SIGN,119.7
ROUND CAKE TIN VINTAGE RED,119.25
FOLDING UMBRELLA PINKWHITE POLKADOT,118.80000000000001
MUM'S KITCHEN CLOCK,118.80000000000001
RED COAT RACK PARIS FASHION,118.8
SOAP DISH BROCANTE,118.0
SMALL RED BABUSHKA NOTEBOOK ,117.72
SET 8 CANDLES VINTAGE DOILY,117.0
"WHITE TEA,COFFEE,SUGAR JARS",117.0
ENAMEL BLUE RIM BISCUIT BIN,116.85
DOCTOR'S BAG SOFT TOY,116.35
3D VINTAGE CHRISTMAS STICKERS ,116.25
PAIR PADDED HANGERS PINK CHECK,115.8
WRAP CIRCUS PARADE,115.5
WRAP POPPIES  DESIGN,115.5
RED RETROSPOT PUDDING BOWL,114.75
CHERUB HEART DECORATION GOLD,114.47
PAPERWEIGHT VINTAGE COLLAGE,113.94
OVERNIGHT BAG VINTAGE ROSE PAISLEY,113.85
SILVER HEARTS TABLE DECORATION,113.64000000000001
RED RETROSPOT TISSUE BOX,113.57
PACK OF 6 LARGE FRUIT STRAWS ,113.52
DINOSAUR KEYRINGS ASSORTED,113.39999999999999
SET OF 6 3D KIT CARDS FOR KIDS,113.05
ROLL WRAP VINTAGE SPOT ,112.5
CHILDRENS TOY COOKING UTENSIL SET,112.32000000000001
ENAMEL PINK COFFEE CONTAINER,112.20000000000002
BIRD DECORATION RED RETROSPOT,112.19999999999999
FRIDGE MAGNETS US DINER ASSORTED,112.19999999999999
RETRO PLASTIC ELEPHANT TRAY,111.35
VICTORIAN SEWING BOX MEDIUM,111.3
HOME SWEET HOME BOTTLE ,110.88
BRIGHT BLUES RIBBONS ,110.0
HOT WATER BOTTLE TEA AND SYMPATHY,109.3
VINTAGE UNION JACK CUSHION COVER,108.9
URBAN BLACK RIBBONS ,108.75
HOME SWEET HOME MUG,108.55
SET 10 NIGHT OWL LIGHTS,108.0
LOLITA  DESIGN  COTTON TOTE BAG,108.0
DOLLY GIRL CHILDRENS EGG CUP,107.5
3 DRAWER ANTIQUE WHITE WOOD CABINET,107.4
HEART T-LIGHT HOLDER WILLIE WINKIE,107.25
PACK OF 6 HANDBAG GIFT BOXES,107.10000000000001
SET OF 20 VINTAGE CHRISTMAS NAPKINS,107.1
GLITTER BUTTERFLY CLIPS,107.1
PARTY PIZZA DISH PINK POLKADOT,106.44
FRENCH ENAMEL POT W LID,106.2
RECIPE BOX BLUE SKETCHBOOK DESIGN,106.19999999999999
FIVE CATS HANGING DECORATION,106.19999999999999
SMALL CERAMIC TOP STORAGE JAR ,106.08
SINGLE ANTIQUE ROSE HOOK IVORY,105.85
WRAP PINK FAIRY CAKES ,105.0
TRADITIONAL CHRISTMAS RIBBONS,105.0
SET OF 6 GIRLS CELEBRATION CANDLES,105.0
PANTRY PASTRY BRUSH,105.0
WRAP RED VINTAGE DOILY,105.0
SET OF 4 FAIRY CAKE PLACEMATS,105.0
FAIRY CAKE DESIGN UMBRELLA,105.0
SKULLS AND CROSSBONES WRAP,105.0
HANGING  BUTTERFLY T-LIGHT HOLDER,104.88
36 DOILIES DOLLY GIRL,104.39999999999999
LED TEA LIGHTS,104.03999999999999
12 COLOURED PARTY BALLOONS,104.0
APPLE BATH SPONGE,103.75
ANTIQUE SILVER T-LIGHT GLASS,103.75
HANGING SPRING FLOWER EGG LARGE,103.68
TOTE BAG I LOVE LONDON,102.9
GYMKHANA TREASURE BOOK BOX,101.25
MAGNETS PACK OF 4 HOME SWEET HOME,101.16
3 TRADITIONAl BISCUIT CUTTERS  SET,100.8
MR ROBOT SOFT TOY,100.7
6 RIBBONS EMPIRE  ,100.65
RIBBON REEL HEARTS DESIGN ,100.65
FOLKART STAR CHRISTMAS DECORATIONS,100.52
PIN CUSHION BABUSHKA PINK,100.5
SET OF 6 T-LIGHTS SANTA,100.3
WOOD STAMP SET BEST WISHES,99.60000000000002
VINTAGE CHRISTMAS BUNTING,99.0
RIBBON REEL MAKING SNOWMEN ,99.0
LETS GO SHOPPING COTTON TOTE BAG,99.0
ADULT APRON APPLE DELIGHT,99.0
PAINT YOUR OWN CANVAS SET,99.0
VINTAGE KID DOLLY CARD ,97.92
WOODEN ROUNDERS GARDEN SET ,97.85000000000001
FRYING PAN UNION FLAG,97.75
SMALL APOTHECARY MEASURING JAR ,97.65
CAKE STAND LOVEBIRD 2 TIER WHITE,97.29999999999998
SILK PURSE BABUSHKA BLUE,97.15
BIRD HOUSE HOT WATER BOTTLE,96.9
MINI JIGSAW BAKE A CAKE ,96.48
SEASIDE FLYING DISC,95.88
CARD CHRISTMAS VILLAGE,95.76
FLOOR CUSHION ELEPHANT CARNIVAL,95.4
PINK POLKADOT GARDEN PARASOL,95.4
PICNIC BASKET WICKER SMALL,95.2
SNACK TRAY PAISLEY PARK,94.8
TEA PARTY  WRAPPING PAPER ,94.5
ROSE CARAVAN DOORSTOP,94.5
RED HANGING HEART T-LIGHT HOLDER,94.4
COFFEE MUG DOG + BALL DESIGN,94.35000000000001
AIRLINE BAG VINTAGE WORLD CHAMPION ,94.15
BLUE POLKADOT KIDS BAG,93.6
CUPCAKE LACE PAPER SET 6,93.6
HAIRCLIPS FORTIES FABRIC ASSORTED,93.6
"RECORD FRAME 7"" SINGLE SIZE ",91.80000000000001
ASSORTED EASTER GIFT TAGS,91.8
CHILDS GARDEN BRUSH BLUE,91.79999999999998
CHILDS GARDEN BRUSH PINK,91.79999999999998
GLASS CLOCHE SMALL,90.85000000000001
WOODLAND SMALL PINK FELT HEART,90.47
WOODLAND SMALL BLUE FELT HEART,90.47
TOY TIDY SPACEBOY  ,90.3
TOY TIDY PINK POLKADOT,90.3
POCKET BAG BLUE PAISLEY RED SPOT,90.0
RED RETROSPOT LUGGAGE TAG,90.0
RETROSPOT CIGAR BOX MATCHES ,90.0
PIG KEYRING WITH LIGHT & SOUND ,90.0
SET OF 4 SANTA PLACE SETTINGS,90.0
 50'S CHRISTMAS GIFT BAG LARGE,90.0
DOG BOWL CHASING BALL DESIGN,90.0
WELCOME  WOODEN BLOCK LETTERS,89.55000000000001
ASSORTED TUTTI FRUTTI  FOB NOTEBOOK,89.52000000000001
TEA FOR ONE POLKADOT,89.25
GLASS SONGBIRD STORAGE JAR,89.2
PING MICROWAVE APRON,89.16
GARLAND WITH STARS AND BELLS,89.1
CUTE CATS TAPE,89.09
VINTAGE CREAM CAT FOOD CONTAINER,88.89999999999999
S/6 WOODEN SKITTLES IN COTTON BAG,88.85
KEY RING BASEBALL BOOT UNION JACK,88.75
DOORMAT I LOVE LONDON,88.65
GREEN GOOSE FEATHER CHRISTMAS TREE ,88.5
COSY SLIPPER SHOES SMALL GREEN,88.5
SET OF 6 T-LIGHTS SNOWMEN,88.5
PINK PAPER PARASOL ,88.5
FRENCH STYLE EMBOSSED HEART CABINET,87.8
RUSTIC STRAWBERRY JAM POT SMALL,87.74999999999999
ENAMEL PINK TEA CONTAINER,87.30000000000001
CERAMIC HEART FAIRY CAKE MONEY BANK,87.0
DOORMAT MULTICOLOUR STRIPE,86.7
MINI JIGSAW BUNNIES,86.4
CHERRY CROCHET FOOD COVER,86.25
LAVENDER TOILETTE BOTTLE,85.92
TREASURE ISLAND BOOK BOX,85.5
AIRLINE BAG VINTAGE JET SET WHITE,85.0
VINTAGE UNION JACK BUNTING,85.0
STRAWBERRY DREAM CHILDS UMBRELLA,84.5
PACK OF 12 SUKI TISSUES ,84.1
LARGE RED RETROSPOT WINDMILL,84.0
WRAP PAISLEY PARK ,84.0
FANCY FONTS BIRTHDAY WRAP,84.0
FLYING PIG WATERING CAN,83.1
I'M ON HOLIDAY METAL SIGN,81.89999999999999
MAGIC TREE -PAPER FLOWERS,81.6
SKULLS  STICKERS,81.6
ROTATING LEAVES T-LIGHT HOLDER,81.25
ASSTD DESIGN RACING CAR PEN,81.12
SKULLS  DESIGN  COTTON TOTE BAG,81.0
PHARMACIE FIRST AID TIN,81.0
GINGHAM HEART  DOORSTOP RED,80.75
SET 20 NAPKINS FAIRY CAKES DESIGN ,80.75
PIN CUSHION BABUSHKA BLUE,80.4
PIN CUSHION BABUSHKA RED,80.4
IVORY EMBROIDERED QUILT ,79.9
BLUE POLKADOT GARDEN PARASOL,79.5
WOOD STAMP SET HAPPY BIRTHDAY,79.44
DINOSAURS  WRITING SET ,79.2
FOLDING UMBRELLA BLACKBLUE POLKADOT,79.2
CERAMIC BOWL WITH STRAWBERRY DESIGN,79.12
DOORMAT PEACE ON EARTH BLUE,79.05
EMERGENCY FIRST AID TIN ,78.75
LARGE PURPLE BABUSHKA NOTEBOOK  ,78.34
"FEATHER PEN,LIGHT PINK",78.24
BALLOON ART MAKE YOUR OWN FLOWERS,78.0
DOLLY MIXTURE CHILDREN'S UMBRELLA,78.0
TOAST ITS - BEST MUM,77.5
WALL ART STOP FOR TEA ,77.35000000000001
PAPERWEIGHT SAVE THE PLANET,76.5
ILLUSTRATED CAT BOWL ,76.5
BAKING MOULD HEART MILK CHOCOLATE,76.5
AIRLINE BAG VINTAGE TOKYO 78,76.5
WOODEN HEART CHRISTMAS SCANDINAVIAN,76.32
PINK AND WHITE CHRISTMAS TREE 120CM,76.19999999999999
BEACH HUT SHELF W 3 DRAWERS,75.3
STRAWBERRY RAFFIA FOOD COVER,75.0
SET OF 3 WOODEN HEART DECORATIONS,75.0
LANDMARK FRAME COVENT GARDEN ,75.0
EGG CUP MILKMAID HEIDI,75.0
FRENCH WC SIGN BLUE METAL,75.0
SET OF 4 ENGLISH ROSE PLACEMATS,75.0
VINTAGE RED ENAMEL TRIM MUG ,75.0
SET OF 6 CAKE CHOPSTICKS,75.0
BLUE DRAWER KNOB ACRYLIC EDWARDIAN,75.0
PACK OF 12 50'S CHRISTMAS TISSUES,74.88
JINGLE BELL HEART ANTIQUE SILVER,74.88
GLASS CLOCHE LARGE,74.8
3 TIER CAKE TIN RED AND CREAM,74.75
KINGS CHOICE BISCUIT TIN,74.75
CLASSIC GLASS SWEET JAR,74.7
VINTAGE LEAF CHOPPING BOARD  ,74.25
NATURAL SLATE CHALKBOARD LARGE ,74.25
WRAP DOLLY GIRL,73.5
WRAP VINTAGE PETALS  DESIGN,73.5
WRAP I LOVE LONDON ,73.5
SET 12 RETRO WHITE CHALK STICKS,73.08
TRAVEL CARD WALLET PANTRY,72.66
SMALL WHITE HEART OF WICKER,72.6
DOORMAT BLACK FLOCK ,72.45
HOME BUILDING BLOCK WORD,72.30000000000001
CHARLOTTE BAG ALPHABET  DESIGN,72.0
FELT EGG COSY CHICKEN,71.4
PARTY INVITES SPACEMAN,71.39999999999999
PINK HEART SHAPE EGG FRYING PAN,70.95
ROSE DU SUD OVEN GLOVE,70.95
FELTCRAFT DOLL MARIA,70.8
PARTY PIZZA DISH GREEN POLKADOT,70.8
IVORY PILLAR CANDLE SILVER FLOCK,70.8
BLACK ENAMEL FLOWER RING,70.8
CANDLEHOLDER PINK HANGING HEART,70.8
WHITE BROCANTE SOAP DISH,70.8
GLASS JAR DAISY FRESH COTTON WOOL,70.8
DOORMAT 3 SMILEY CATS,70.8
PARTY PIZZA DISH BLUE POLKADOT,70.67999999999999
POLKADOT RAIN HAT ,70.56
SLEEPING CAT ERASERS,70.35
WHITE GOOSE FEATHER TREE 60CM ,70.19999999999999
SKULLS SQUARE TISSUE BOX,70.19999999999999
BLUE CUSHION COVER WITH FLOWER,69.5
LARGE BONNE JAM JAR  T-LIGHT HOLDER,69.36
12 MESSAGE CARDS WITH ENVELOPES,69.3
FOLDING MIRROR HOT PINK ,69.12
PENS ASSORTED SPACEBALL,69.12
6 RIBBONS ELEGANT CHRISTMAS ,68.75999999999999
BLACK CHRISTMAS TREE 60CM,68.7
SET/6 COLLAGE PAPER PLATES,68.03999999999999
BROCADE RING PURSE ,67.67999999999999
VICTORIAN  METAL POSTCARD SPRING,67.6
VINTAGE RED ENAMEL TRIM JUG ,67.5
HOME SWEET HOME CUSHION COVER ,67.5
SMALL WHITE RETROSPOT MUG IN BOX ,67.5
RABBIT  DESIGN  COTTON TOTE BAG,67.5
JIGSAW TREE WITH BIRDHOUSE,66.96
ROCKING HORSE GREEN CHRISTMAS ,66.3
RIBBON REEL SNOWY VILLAGE,66.0
FELT FARM ANIMAL WHITE BUNNY ,66.0
RETROSPOT SMALL TUBE MATCHES,66.0
HEART OF WICKER SMALL,66.0
DOORMAT WELCOME SUNRISE,66.0
ASSORTED BOTTLE TOP  MAGNETS ,65.52
DOORMAT TOPIARY,65.4
PACK OF 12 HEARTS DESIGN TISSUES ,65.33
MAGNETS PACK OF 4 VINTAGE LABELS ,65.02
LARGE WHITE HEART OF WICKER,64.9
CHRISTMAS LIGHTS 10 VINTAGE BAUBLES,64.35
SET 12 COLOUR PENCILS LOVE LONDON,64.35
TEA TIME TABLE CLOTH,63.900000000000006
SET OF 3 WOODEN TREE DECORATIONS,63.75
PLAYING CARDS VINTAGE DOILY ,63.75
ANTIQUE GLASS PEDESTAL BOWL,63.75
CREAM SWEETHEART MINI CHEST,63.75
15CM CHRISTMAS GLASS BALL 20 LIGHTS,63.6
WRAP VINTAGE LEAF DESIGN,63.0
WRAP ALPHABET DESIGN,63.0
RED POLKADOT COFFEE  MUG,62.64
RED BOUDICCA LARGE BRACELET,62.55
PINK BOUDICCA LARGE BRACELET,62.55
CAMOUFLAGE LED TORCH,62.53
REGENCY TEA SPOON,62.5
ALPHABET STENCIL CRAFT,62.5
ANTIQUE GLASS DRESSING TABLE POT,61.95
DANISH ROSE TRINKET TRAYS,61.74
GOLD FISHING GNOME,61.5
CARD SUKI BIRTHDAY,61.2
CARD WEDDING DAY,61.2
SET/6 FROG PRINCE T-LIGHT CANDLES,61.2
SWEETIES  STICKERS,61.199999999999996
LOVELY BONBON STICKER SHEET,61.199999999999996
PARTY CONES CANDY TREE DECORATION,61.199999999999996
BUTTERFLIES STICKERS,61.199999999999996
MAGIC DRAWING SLATE BUNNIES ,60.480000000000004
GIRLS ALPHABET IRON ON PATCHES ,60.48
LARGE CAKE TOWEL PINK SPOTS,60.3
CLEAR DRAWER KNOB ACRYLIC EDWARDIAN,60.0
PINK LOVE BIRD CANDLE,60.0
PURPLE DRAWERKNOB ACRYLIC EDWARDIAN,60.0
 RED SPOT GIFT BAG LARGE,60.0
BINGO SET,60.0
EGG CUP MILKMAID INGRID,60.0
ROLL WRAP 50'S RED CHRISTMAS ,60.0
VINTAGE EMBOSSED HEART,60.0
BLUE ROSE FABRIC MIRROR,60.0
DOORSTOP RETROSPOT HEART,60.0
DECORATIVE CATS BATHROOM BOTTLE,60.0
VINTAGE SEASIDE JIGSAW PUZZLES,60.0
VINTAGE SNAKES & LADDERS,60.0
MILK PAN BLUE POLKADOT,60.0
SET OF 4 FAIRY CAKE PLACEMATS ,60.0
BABY BOOM RIBBONS ,60.0
PINK DRAWER KNOB ACRYLIC EDWARDIAN,60.0
FILIGREE HEART DAISY WHITE,60.0
RED METAL BEACH SPADE ,60.0
FILIGREE HEART BIRD WHITE ,60.0
4 IVORY DINNER CANDLES SILVER FLOCK,59.879999999999995
 NINE DRAWER OFFICE TIDY,59.8
FOOT STOOL HOME SWEET HOME ,59.699999999999996
LARGE CHINESE STYLE SCISSOR,59.5
DOG BOWL VINTAGE CREAM,59.5
POLYESTER FILLER PAD 40x40cm,59.449999999999996
PINK  HEART CONFETTI IN TUBE,59.400000000000006
FOLDING UMBRELLA CREAM POLKADOT,59.400000000000006
FOLDING UMBRELLA CHOCOLATE POLKADOT,59.400000000000006
LOVE GARLAND PAINTED ZINC ,59.400000000000006
CHOC TRUFFLE GOLD TRINKET POT ,59.400000000000006
WHITE HEART CONFETTI IN TUBE,59.400000000000006
HOME SWEET HOME BLACKBOARD,59.4
YELLOW COAT RACK PARIS FASHION,59.4
ASSTD FRUIT+FLOWERS FRIDGE MAGNETS,59.28
PAPER CHAIN KIT VINTAGE CHRISTMAS,59.0
KINGS CHOICE MUG,58.75
BAKING MOULD ROSE WHITE CHOCOLATE,58.5
COOK WITH WINE METAL SIGN ,58.24
RED SPOT PAPER GIFT BAG,58.22
PARLOUR CERAMIC WALL HOOK,58.1
VINTAGE BELLS GARLAND,57.8
PLAYING CARDS I LOVE LONDON ,57.5
PLAYING CARDS KEEP CALM & CARRY ON,57.5
CAKES AND BOWS GIFT  TAPE,57.239999999999995
WOODEN TREE CHRISTMAS SCANDINAVIAN,56.94
SET OF 2 CHRISTMAS DECOUPAGE CANDLE,56.88
RECYCLED PENCIL WITH RABBIT ERASER,56.7
LARGE IVORY HEART WALL ORGANISER,56.4
MOTHER'S KITCHEN SPOON REST ,56.25
HANGING HEART WITH BELL,56.16
PACK OF 12 DOLLY GIRL TISSUES,56.16
WHITE GOOSE FEATHER CHRISTMAS TREE ,56.05
PACK OF 12 BLUE PAISLEY TISSUES ,55.68
DOORMAT UNION JACK GUNS AND ROSES,55.65
MINI LADLE LOVE HEART RED ,55.44
AIRLINE BAG VINTAGE JET SET BROWN,55.25
CHOCOLATE HOT WATER BOTTLE,54.45
FELT FARM ANIMAL RABBIT,54.07
BISCUIT TIN VINTAGE RED,54.0
BUFFALO BILL TREASURE BOOK BOX,54.0
ENGLISH ROSE NOTEBOOK A7 SIZE,53.76
VINTAGE BILLBOARD LOVE/HATE MUG,53.75
IVORY GIANT GARDEN THERMOMETER,53.550000000000004
RETRO PLASTIC POLKA TRAY,53.4
GIFT BAG BIRTHDAY,53.3
SET OF 6 T-LIGHTS CACTI ,53.1
IVORY PILLAR CANDLE GOLD FLOCK,53.1
SET OF 6 T-LIGHTS EASTER CHICKS,53.1
GREEN ENAMEL FLOWER RING,53.1
SET OF SKULL WALL STICKERS,53.099999999999994
SET OF 6 FUNKY BEAKERS,53.099999999999994
CHARLIE+LOLA PINK HOT WATER BOTTLE,53.099999999999994
PAPER BUNTING VINTAGE PAISLEY,53.099999999999994
RED PAPER PARASOL,53.099999999999994
PINK/PURPLE RETRO RADIO,53.099999999999994
SMALL SILVER TRELLIS CANDLEPOT,53.099999999999994
PINK HORSE SOCK PUPPET,53.099999999999994
BLUE POLKADOT COFFEE MUG,53.04
CARD HOLDER GINGHAM HEART,52.870000000000005
WOODEN STAR CHRISTMAS SCANDINAVIAN,52.54
DANISH ROSE ROUND SEWING BOX,52.510000000000005
GINGHAM ROSE WRAP,52.5
BLUE SCANDINAVIAN PAISLEY WRAP,52.5
WRAP COWBOYS  ,52.5
LOVE HEART POCKET WARMER,52.2
SET OF 2 CERAMIC CHRISTMAS TREES,52.199999999999996
PARTY METAL SIGN ,52.199999999999996
BAG 125g SWIRLY MARBLES,51.66
TRAVEL CARD WALLET TRANSPORT,51.24
PACK OF 12 VINTAGE CHRISTMAS TISSUE,51.089999999999996
BOX OF 6 ASSORTED COLOUR TEASPOONS,51.0
VINTAGE CREAM DOG FOOD CONTAINER,51.0
WHEELBARROW FOR CHILDREN ,51.0
SET OF 2 WOODEN MARKET CRATES,51.0
SET/6 POSIES PAPER PLATES,51.0
PARTY INVITES DINOSAURS,51.0
PANDA AND BUNNIES STICKER SHEET,51.0
BAG 250g SWIRLY MARBLES,51.0
SUNSET COLOUR CHUNKY KNITTED THROW,50.849999999999994
CHEST OF DRAWERS GINGHAM HEART ,50.849999999999994
MINI PLAYING CARDS BUFFALO BILL ,50.82
MINI PLAYING CARDS GYMKHANA,50.82
SET/6 COLLAGE PAPER CUPS,50.76
BALLOON WATER BOMB PACK OF 35,50.400000000000006
CARD PSYCHEDELIC APPLES,50.4
MAGIC DRAWING SLATE DINOSAUR,50.4
METAL SIGN NEIGHBOURHOOD WITCH ,50.4
HAND WARMER UNION JACK,50.4
SET/6 PINK  BUTTERFLY T-LIGHTS,50.4
SET/6 TURQUOISE BUTTERFLY T-LIGHTS,50.4
RED RETROSPOT OVEN GLOVE DOUBLE,50.15
HOME SWEET HOME KEY HOLDER,50.0
LAVENDER SCENTED FABRIC HEART,50.0
SET OF 4 ENGLISH ROSE COASTERS,50.0
SET 3 WICKER STORAGE BASKETS ,49.9
VINTAGE UNION JACK MEMOBOARD,49.75
VINTAGE RED ENAMEL TRIM PLATE,49.5
EMPIRE TISSUE BOX,49.33
MINI CAKE STAND WITH HANGING CAKES,49.3
PLAYING CARDS JUBILEE UNION JACK,48.75
CANDY SPOT EGG WARMER HARE,48.72
SKULLS STORAGE BOX SMALL,48.3
NOEL GARLAND PAINTED ZINC ,47.879999999999995
STAR T-LIGHT HOLDER WILLIE WINKIE,47.85
BOHEMIAN COLLAGE STATIONERY SET,47.7
ENVELOPE 50 BLOSSOM IMAGES,47.699999999999996
BOOM BOX SPEAKER BOYS,47.6
BOX OF VINTAGE JIGSAW BLOCKS ,47.55
CHRISTMAS TOILET ROLL,47.5
HOT BATHS SOAP HOLDER,47.32
LA PALMIERA TILE COASTER,47.28
SNACK TRAY RED VINTAGE DOILY,46.8
HERB MARKER ROSEMARY,46.8
HERB MARKER THYME,46.8
HERB MARKER PARSLEY,46.8
TOOTHPASTE TUBE PEN,46.8
HERB MARKER CHIVES ,46.8
SNACK TRAY HAPPY FOREST  ,46.8
SNACK TRAY I LOVE LONDON,46.8
HERB MARKER MINT,46.8
HERB MARKER BASIL,46.8
WOODLAND LARGE RED FELT HEART,46.25
S/6 SEW ON CROCHET FLOWERS,46.25
WHITE HEARTS WIRE PLANT POT HOLDER,46.24
BANQUET BIRTHDAY  CARD  ,46.080000000000005
VINTAGE CARAVAN GREETING CARD ,46.08
4 PINK DINNER CANDLE SILVER FLOCK,45.900000000000006
BLUE SCOTTIE DOG W FLOWER PATTERN,45.900000000000006
CERAMIC STRAWBERRY TRINKET TRAY,45.900000000000006
MULTICOLOUR 3D BALLS GARLAND,45.900000000000006
PINK SCOTTIE DOG W FLOWER PATTERN,45.900000000000006
HEART WOODEN CHRISTMAS DECORATION,45.9
SMALL YELLOW BABUSHKA NOTEBOOK ,45.839999999999996
GLAMOROUS  MUG,45.660000000000004
SET 12 COLOURING PENCILS DOILY,45.5
PINK FLOWER FABRIC PONY,45.0
SET OF 4 ROSE BOTANICAL CANDLES,45.0
POTTING SHED SEED ENVELOPES,45.0
EGG CUP MILKMAID HELGA ,45.0
SMALL RED RETROSPOT MUG IN BOX ,45.0
PANTRY 3 HOOK ROLLING PIN HANGER,45.0
GREEN DRAWER KNOB ACRYLIC EDWARDIAN,45.0
POCKET BAG PINK PAISELY BROWN SPOT,45.0
PACK 3 FIRE ENGINE/CAR PATCHES,45.0
TOAST ITS - HAPPY BIRTHDAY,45.0
CERAMIC BOWL WITH LOVE HEART DESIGN,44.82
ANT COPPER TURQ BOUDICCA BRACELET,44.55
ROSE DU SUD CUSHION COVER ,44.55
CURIOUS IMAGES GIFT WRAP SET,43.8
FRYING PAN BLUE POLKADOT,42.5
PARTY TIME PENCIL ERASERS,42.21
WRAP WEDDING DAY,42.0
WRAP GINGHAM ROSE ,42.0
RED KUKUI COCONUT SEED NECKLACE,42.0
WRAP CAROUSEL,42.0
WRAP RED DOILEY,42.0
TURQ+RED BOUDICCA LARGE BRACELET,41.7
DAIRY MAID TRADITIONAL TEAPOT ,41.7
FAIRY CAKES NOTEBOOK A6 SIZE,41.6
PURPLE ENAMEL FLOWER RING,41.3
3D DOG PICTURE PLAYING CARDS,41.3
MILK PAN PINK POLKADOT,41.25
WALL ART KEEP CALM ,41.25
RIBBON REEL FLORA + FAUNA ,41.25
PENS ASSORTED FUNKY JEWELED ,41.04
ENAMEL BLUE RIM COFFEE CONTAINER,40.82
ROMANTIC IMAGES GIFT WRAP SET,40.8
ALPHABET HEARTS STICKER SHEET,40.8
CHILDS GARDEN TROWEL BLUE ,40.8
CHILDS GARDEN TROWEL PINK,40.8
PARTY CONE CHRISTMAS DECORATION ,40.8
IVORY HANGING DECORATION  BIRD,40.8
SWALLOW WOODEN CHRISTMAS DECORATION,40.8
PARTY INVITES FOOTBALL,40.8
REINDEER HEART DECORATION SILVER,40.67
RETROSPOT CANDLE  SMALL,40.56
LARGE WHITE/PINK ROSE ART FLOWER,40.56
SILK PURSE BABUSHKA RED,40.2
RETROSPOT BABUSHKA DOORSTOP,40.0
18PC WOODEN CUTLERY SET DISPOSABLE,40.0
SET 36 COLOURING PENCILS DOILY,40.0
"FEATHER PEN,HOT PINK",39.959999999999994
CHILDS GARDEN RAKE BLUE,39.9
PRETTY HANGING QUILTED HEARTS,39.84
ALUMINIUM STAMPED HEART,39.84
PHOTO FRAME 3 CLASSIC HANGING,39.8
SWEETHEART WIRE WALL TIDY,39.8
MULTICOLOUR HONEYCOMB PAPER GARLAND,39.6
FELTCRAFT GIRL NICOLE KIT,39.6
BAG 500g SWIRLY MARBLES,39.6
EASTER TIN CHICKS PINK DAISY,39.6
POPPY FIELDS CHOPPING BOARD,39.6
MINI PLAYING CARDS FUN FAIR ,39.6
HOT WATER BOTTLE SEX BOMB,39.6
CHOCOLATE CALCULATOR,39.6
FELTCRAFT BOY JEAN-PAUL KIT,39.6
DAISIES  HONEYCOMB GARLAND ,39.6
GARDENERS KNEELING PAD KEEP CALM ,39.6
GARDENERS KNEELING PAD CUP OF TEA ,39.6
ROUND WHITE CONFETTI IN TUBE,39.6
CANDLE HOLDER SILVER MADELINE,39.6
SET/4 RED MINI ROSE CANDLE IN BOWL,39.6
S/4 PINK FLOWER CANDLES IN BOWL,39.6
LARGE CAKE STAND HANGING HEARTS,39.5
3 RAFFIA RIBBONS 50'S CHRISTMAS ,39.5
CAT BOWL VINTAGE CREAM,39.0
SET/6 POSIES PAPER CUPS,39.0
KINGS CHOICE TEA CADDY ,38.349999999999994
WASH BAG VINTAGE ROSE PAISLEY,38.25
SPOTTY PINK DUCK DOORSTOP,38.25
PACK OF 12 VINTAGE DOILY TISSUES,37.83
CHILDS GARDEN SPADE PINK,37.8
UNION JACK FLAG PASSPORT COVER ,37.8
CHILDS GARDEN SPADE BLUE,37.8
CHILDS GARDEN RAKE PINK,37.8
CANDY SPOT HAND BAG,37.8
SET OF 36 DINOSAUR PAPER DOILIES,37.699999999999996
CHRISTMAS PUDDING TRINKET POT ,37.67999999999999
CHILDRENS GARDEN GLOVES BLUE,37.5
LE GRAND TRAY CHIC SET,37.5
RATTLE SNAKE EGGS,37.5
LANDMARK FRAME OXFORD STREET,37.5
FRENCH GARDEN SIGN BLUE METAL,37.5
SET/4 BADGES CUTE CREATURES,37.5
LANDMARK FRAME NOTTING HILL ,37.5
FLOWERS CHANDELIER T-LIGHT HOLDER,37.5
IVORY CHANDELIER T-LIGHT HOLDER,37.5
LANDMARK FRAME LONDON BRIDGE ,37.5
SET/4 BADGES DOGS,37.5
MULTICOLOUR SPRING FLOWER MUG,37.44
LOVE HEART TRINKET POT,37.44
RETROSPOT WOODEN HEART DECORATION,37.4
SOFT PINK ROSE TOWEL ,37.2
MINT GREEN ROSE TOWEL,37.2
CARTOON  PENCIL SHARPENERS,36.8
LOVE BUILDING BLOCK WORD,36.6
STAR WOODEN CHRISTMAS DECORATION,36.55
CARDHOLDER GINGHAM CHRISTMAS TREE,36.45
KEEP OUT BOYS DOOR HANGER ,36.25
ELEPHANT BIRTHDAY CARD ,36.0
3 TIER SWEETHEART GARDEN SHELF,35.95
BLACK CHUNKY BEAD BRACELET W STRAP,35.8
AMETHYST CHUNKY BEAD BRACELET W STR,35.8
EASTER TREE YELLOW BIRDS,35.7
NOEL WOODEN BLOCK LETTERS ,35.7
BATH BUILDING BLOCK WORD,35.7
VINTAGE UNION JACK DOORSTOP,35.7
DANISH ROSE DELUXE COASTER,35.64
POLKADOT COFFEE CUP & SAUCER PINK,35.550000000000004
CREAM SLICE FLANNEL CHOCOLATE SPOT ,35.4
RED ENAMEL FLOWER RING,35.4
GLASS JAR PEACOCK BATH SALTS,35.4
"SWISS ROLL TOWEL, CHOCOLATE  SPOTS",35.4
CANDY SPOT CUSHION COVER,35.4
NATURAL SLATE HEART CHALKBOARD ,35.4
BLUE PAPER PARASOL ,35.4
SET OF 6 T-LIGHTS TOADSTOOLS,35.4
EUCALYPTUS & PINECONE  WREATH,35.4
CARD BILLBOARD FONT,35.28
CARD MOTORBIKE SANTA,35.28
KITTY PENCIL ERASERS,35.28
SOMBRERO ,35.099999999999994
BROWN KUKUI COCONUT SEED NECKLACE,35.0
FRIDGE MAGNETS LES ENFANTS ASSORTED,34.85000000000001
GIN AND TONIC MUG,34.8
TOXIC AREA  DOOR HANGER ,34.8
ENAMEL WATERING CAN CREAM,34.650000000000006
ENAMEL COLANDER CREAM,34.65
VEGETABLE GARDEN CHOPPING BOARD,34.65
PAPER LANTERN 9 POINT SNOW STAR ,34.5
PINK FEATHERS CURTAIN,34.480000000000004
CHRISTMAS LIGHTS 10 SANTAS ,34.0
ORGANISER WOOD ANTIQUE WHITE ,34.0
HANGING HEART MIRROR DECORATION ,33.8
GROW YOUR OWN BASIL IN ENAMEL MUG,33.6
GLASS BONNE JAM JAR,33.2
SET OF 10 LANTERNS FAIRY LIGHT STAR,33.2
WALL ART CLASSIC PUDDINGS ,33.0
WALL ART 70'S ALPHABET ,33.0
CHRISTMAS STAR WISH LIST CHALKBOARD,33.0
RIBBON REEL SOCKS AND MITTENS,33.0
BULL DOG BOTTLE TOP WALL CLOCK,33.0
BATHROOM METAL SIGN,33.0
TUSCAN VILLA BIRD FEEDER,33.0
TUSCAN VILLA BIRD TABLE ,33.0
TUSCAN VILLA DOVECOTE,33.0
ENGLISH ROSE GARDEN SECATEURS,32.879999999999995
ENGLISH ROSE SPIRIT LEVEL ,32.879999999999995
50'S CHRISTMAS PAPER GIFT BAG,32.8
METAL SIGN EMPIRE TEA,32.71
VINTAGE PAISLEY STATIONERY SET,32.7
SKULLS TAPE,32.519999999999996
TOAST ITS - I LOVE YOU ,32.5
PINK GLASS CANDLEHOLDER,32.449999999999996
SET OF 6 HALLOWEEN GHOST T-LIGHTS,32.34
POTTING SHED TWINE,32.25
POPART WOODEN PENCILS ASST,32.0
GROW YOUR OWN FLOWERS SET OF 3,31.8
LARGE ANTIQUE WHITE PHOTO FRAME,31.6
MINIATURE ANTIQUE ROSE HOOK IVORY,31.540000000000003
WRAP FLOWER SHOP  ,31.5
WRAP ALPHABET POSTER  ,31.5
TOYBOX  WRAP ,31.5
PINK PAISLEY ROSE GIFT WRAP,31.5
WRAP BILLBOARD FONTS DESIGN,31.5
WRAP MONSTER FUN ,31.5
ASS FLORAL PRINT MULTI SCREWDRIVER,31.490000000000002
ZINC HERB GARDEN CONTAINER,31.25
SNACK TRAY RED GINGHAM,31.2
BLOSSOM IMAGES GIFT WRAP SET,31.2
METAL MERRY CHRISTMAS WREATH,31.2
GIFT BAG PSYCHEDELIC APPLES,31.2
PINK  HONEYCOMB PAPER FAN,31.2
12 PENCILS TALL TUBE POSY,31.08
TEA COSY RED  STRIPE,30.6
SET/12 TAPER CANDLES,30.6
TROPICAL  HONEYCOMB PAPER GARLAND ,30.6
PINK FELT EASTER RABBIT GARLAND,30.6
COFFEE MUG PINK PAISLEY DESIGN,30.6
GARDEN PATH JOURNAL,30.6
RETROSPOT CANDLE  LARGE,30.6
MOROCCAN TEA GLASS,30.6
CAKES AND RABBITS DESIGN FLANNEL ,30.599999999999998
PARTY TIME DESIGN FLANNEL,30.599999999999998
CINAMMON SET OF 9 T-LIGHTS,30.599999999999998
HANGING HEART BONHEUR,30.599999999999998
LARGE HANGING IVORY & RED WOOD BIRD,30.55
SKULL DESIGN TV DINNER TRAY,30.45
MINI JIGSAW LEAP FROG,30.240000000000002
SET 12 VINTAGE DOILY CHALK ,30.240000000000002
"FANCY FONT BIRTHDAY CARD, ",30.240000000000002
BOTANICAL LILY GREETING CARD,30.240000000000002
MAGIC DRAWING SLATE GO TO THE FAIR ,30.240000000000002
BLUE CLIMBING HYDRANGA ART FLOWER,30.0
LAUREL HEART ANTIQUE GOLD,30.0
DOORSTOP FOOTBALL DESIGN,30.0
LA JARDIN BOTANIQUE CUSHION COVER,30.0
4 LAVENDER BOTANICAL DINNER CANDLES,30.0
BLUE POLKADOT LUGGAGE TAG ,30.0
GARDENIA 3 WICK MORRIS BOXED CANDLE,30.0
BLUE PAISLEY SKETCHBOOK,30.0
SPOTTED WHITE NATURAL SEED NECKLACE,30.0
FULL ENGLISH BREAKFAST PLATE,30.0
DIAMANTE RING ASSORTED IN BOX.,30.0
VINTAGE CHRISTMAS GIFT BAG LARGE ,30.0
REGENCY CAKE FORK,30.0
MONEY BOX CONFECTIONERY DESIGN,30.0
SET OF 4 POLKADOT PLACEMATS ,30.0
RED DRAWER KNOB ACRYLIC EDWARDIAN,30.0
MOUSE TOY WITH PINK T-SHIRT,30.0
BILI NUT AND WOOD NECKLACE,30.0
PACK 6 HEART/ICE-CREAM PATCHES,30.0
RED FLOWER CROCHET FOOD COVER,30.0
COSY HOUR CIGAR BOX MATCHES ,30.0
RED DAISY PAPER LAMPSHADE,30.0
JUNGLE POPSICLES ICE LOLLY HOLDERS,30.0
ASSORTED TUTTI FRUTTI SMALL PURSE,30.0
FRENCH ENAMEL WATER BASIN,30.0
T-LIGHT GLASS FLUTED ANTIQUE,30.0
HEADS AND TAILS SPORTING FUN,30.0
FILIGREE HEART BUTTERFLY WHITE ,30.0
HOME SWEET HOME 3 PEG HANGER ,30.0
DOLLY CABINET 3 DRAWERS ,29.9
NATURAL HANGING QUILTED HEARTS ,29.880000000000003
IVORY SWEETHEART SOAP DISH,29.88
PICNIC BASKET WICKER LARGE,29.849999999999998
VICTORIAN SEWING BOX SMALL ,29.75
WALL ART BICYCLE SAFETY,29.75
WOODEN UNION JACK BUNTING,29.75
CREAM FELT EASTER EGG BASKET,29.700000000000003
ANT COPPER LIME BOUDICCA BRACELET,29.7
GARLAND WITH HEARTS AND BELLS,29.7
 TRELLIS COAT RACK,29.7
SET/3 DECOUPAGE STACKING TINS,29.7
ANT COPPER PINK BOUDICCA BRACELET,29.7
VINTAGE UNION JACK SHOPPING BAG,29.7
WALL ART ONLY ONE PERSON ,29.7
WHITE LOVEBIRD LANTERN,29.5
JINGLE BELL HEART ANTIQUE GOLD,29.12
CHARLIE & LOLA WASTEPAPER BIN BLUE,28.75
PACK OF 12 PAISLEY PARK TISSUES ,28.47
BLUE DELPHINIUM ARTIFICIAL FLOWER,28.44
DAIRY MAID STRIPE MUG,28.44
SET OF 3 BIRD LIGHT PINK FEATHER ,28.08
FOLKART CLIP ON STARS,28.08
JAZZ HEARTS PURSE NOTEBOOK,28.08
HI TEC ALPINE HAND WARMER,28.05
CHARLIE+LOLA RED HOT WATER BOTTLE ,27.9
CHARLIE LOLA BLUE HOT WATER BOTTLE ,27.9
FRENCH STYLE STORAGE JAR CAFE ,27.84
WOOD 2 DRAWER CABINET WHITE FINISH,27.8
WALL ART THE MAGIC FOREST ,27.8
PICTURE FRAME WOOD TRIPLE PORTRAIT,27.0
SQUARECUSHION COVER PINK UNION FLAG,27.0
BISCUIT TIN VINTAGE GREEN,27.0
FAIRY CAKES NOTEBOOK A7 SIZE,26.88
"METAL SIGN,CUPCAKE SINGLE HOOK",26.8
KITCHEN METAL SIGN,26.4
IVORY PAPER CUP CAKE CASES ,26.4
POLKA DOT RAFFIA FOOD COVER,26.25
GROW YOUR OWN PLANT IN A CAN ,26.25
HOT STUFF HOT WATER BOTTLE,26.25
RIDGED GLASS POSY VASE ,26.099999999999998
JOY LARGE WOOD LETTERS,25.75
12 EGG HOUSE PAINTED WOOD,25.5
ENGLISH ROSE SMALL SCENTED FLOWER,25.5
ROSE DU SUD DRAWSTRING BAG,25.5
TWO DOOR CURIO CABINET,25.5
SMALL CHINESE STYLE SCISSOR,25.200000000000003
HOT BATHS METAL SIGN,25.200000000000003
SET/6 EAU DE NIL BIRD T-LIGHTS,25.2
BLACK AND WHITE CAT BOWL,25.2
MAN FLU METAL SIGN,25.2
CARD I LOVE LONDON ,25.2
RETROSPOT CANDLE  MEDIUM,25.2
WHITE WICKER STAR ,25.2
ANTIQUE ALL GLASS CANDLESTICK,25.2
HAND OVER THE CHOCOLATE   SIGN ,25.2
GINGHAM BABUSHKA DOORSTOP,25.0
PINK STITCHED WALL CLOCK,25.0
BLACK STITCHED WALL CLOCK,25.0
IVORY CAFE HANGING LAMP ,25.0
VINTAGE CHRISTMAS TABLECLOTH,25.0
MARIE ANTOINETTE TRINKET BOX SILVER,25.0
GEORGIAN TRINKET BOX,25.0
CHILDRENS GARDEN GLOVES PINK,25.0
DOLLY CABINET 2 DRAWERS ,25.0
WHITE STITCHED WALL CLOCK,25.0
DRAWER KNOB VINTAGE GLASS HEXAGON,24.96
PANTRY HOOK BALLOON WHISK ,24.96
POTTERING IN THE SHED METAL SIGN,24.96
PANTRY HOOK SPATULA,24.96
DRAWER KNOB VINTAGE GLASS STAR,24.96
DRAWER KNOB VINTAGE GLASS BALL,24.96
RUSTIC STRAWBERRY JAM POT LARGE ,24.96
CHEST 7 DRAWER MA CAMPAGNE,24.95
MULTICOLOUR  CONFETTI IN TUBE,24.750000000000004
GRAND CHOCOLATECANDLE,24.650000000000002
VINTAGE CHRISTMAS PAPER GIFT BAG,24.599999999999998
SMALL HANGING IVORY/RED WOOD BIRD,24.36
GLITTER CHRISTMAS TREE,24.24
CHRISTMAS CARD STACK OF PRESENTS,24.24
CANDY SPOT EGG WARMER RABBIT,24.119999999999997
6 RIBBONS SHIMMERING PINKS ,24.119999999999997
ROUND CAKE TIN VINTAGE GREEN,23.85
BOOM BOX SPEAKER GIRLS,23.8
CUSHION COVER PINK UNION JACK,23.8
BLUE GIANT GARDEN THERMOMETER,23.8
YELLOW GIANT GARDEN THERMOMETER,23.8
FAIRY SOAP SOAP HOLDER,23.66
PHOTO FRAME CORNICE,23.6
JIGSAW RABBIT AND BIRDHOUSE,23.580000000000002
RED STAR CARD HOLDER,23.4
PINK DISCO HANDBAG,23.4
"BLACK TEA,COFFEE,SUGAR JARS",23.4
MAGIC GARDEN FELT GARLAND ,23.4
CHARLIE AND LOLA FIGURES TINS,23.4
PACK OF 12 PINK PAISLEY TISSUES ,23.28
TOY TIDY DOLLY GIRL DESIGN,23.1
GRASS HOPPER WOODEN WALL CLOCK ,22.590000000000003
LADYBIRD + BEE RAFFIA FOOD COVER,22.5
T-LIGHT HOLDER HANGING LOVE BIRD,22.5
GLITTER STAR GARLAND WITH BELLS ,22.5
STORAGE TIN HOME SWEET HOME,22.41
BLUE BIRDHOUSE DECORATION,22.099999999999998
GREEN BIRDHOUSE DECORATION,22.099999999999998
MORE BUTTER METAL SIGN ,22.08
WOOD STAMP SET FLOWERS,21.580000000000002
FOLDING BUTTERFLY MIRROR IVORY ,21.580000000000002
WOOD STAMP SET THANK YOU,21.580000000000002
BLUE KNITTED EGG COSY,21.06
WRAP BIRD GARDEN ,21.0
VINTAGE CARAVAN GIFT WRAP,21.0
WRAP  VINTAGE DOILEY ,21.0
CHRISTMAS MUSICAL ZINC TREE,20.88
MUSICAL ZINC HEART DECORATION ,20.88
VINTAGE UNION JACK APRON,20.85
PEACE WOODEN BLOCK LETTERS,20.85
WALL ART BIG LOVE ,20.85
IVORY WIRE KITCHEN ORGANISER,20.8
BAKING MOULD EASTER EGG MILK CHOC,20.65
CHARLIE + LOLA RED HOT WATER BOTTLE,20.65
FRIDGE MAGNETS LA VIE EN ROSE,20.400000000000002
SET OF 4 NAPKIN CHARMS CUTLERY,20.400000000000002
CHILDS GARDEN FORK PINK,20.4
CANDY SHOP  STICKER SHEET,20.4
MINI  ZINC GARDEN DECORATIONS ,20.4
BLUE PAISLEY POCKET BOOK,20.4
PARTY INVITES JAZZ HEARTS,20.4
FELTCRAFT HAIRBAND PINK AND BLUE,20.4
WHITE JEWELLED HEART DECORATION,20.4
CHRISTMAS RETROSPOT STAR WOOD,20.4
CHILDS GARDEN FORK BLUE ,20.4
PINK NEW BAROQUECANDLESTICK CANDLE,20.4
FELTCRAFT HAIRBANDS PINK AND WHITE ,20.4
12 PENCILS TALL TUBE SKULLS,20.4
GENTLEMAN SHIRT REPAIR KIT ,20.4
BIRD DECORATION GREEN POLKADOT,20.4
ORIGAMI JASMINE INCENSE/CANDLE SET,20.4
LOCAL CAFE MUG,20.4
HEARTS  STICKERS,20.4
MULTI HEARTS  STICKERS,20.4
VINTAGE SNAP CARDS,20.4
ORIGAMI VANILLA INCENSE/CANDLE SET ,20.4
BLUE  TILE HOOK,20.4
YOU'RE CONFUSING ME METAL SIGN ,20.28
"NURSERY A,B,C PAINTED LETTERS",20.25
CARD CAT AND TREE ,20.16
FUNKY MONKEY GIFT BAG MEDIUM,20.16
MAGIC DRAWING SLATE LEAP FROG ,20.16
ANGEL DECORATION 3 BUTTONS ,20.16
MAGIC DRAWING SLATE BAKE A CAKE ,20.16
ASSORTED COLOUR LIZARD SUCTION HOOK,20.16
TRAVEL CARD WALLET I LOVE LONDON,20.16
ANIMAL STICKERS,20.16
STAR DECORATION PAINTED ZINC ,20.139999999999997
CHRISTMAS TREE PAINTED ZINC ,20.139999999999997
LARGE STRIPES CHOCOLATE GIFT BAG,20.0
EIGHT PIECE SNAKE  SET,20.0
RED/CREAM STRIPE CUSHION COVER ,20.0
SALLE DE BAIN HOOK,20.0
FAUX FUR CHOCOLATE THROW,19.95
VINTAGE GLASS T-LIGHT HOLDER,19.92
SWEET HEART CAKE CARRIER,19.9
FAMILY PHOTO FRAME CORNICE,19.9
VINTAGE ZINC WATERING CAN,19.9
PINK JEWELLED MIRROR TRINKET TRAY,19.9
SET OF 2 TRAYS HOME SWEET HOME,19.9
LARGE MEDINA STAMPED METAL BOWL ,19.8
LARGE POPCORN HOLDER ,19.8
JOY WOODEN BLOCK LETTERS,19.8
NATURAL SLATE RECTANGLE CHALKBOARD,19.8
GREEN CHRISTMAS TREE STRING 20LIGHT,19.8
VINTAGE BEAD PINK SCARF ,19.8
TREE T-LIGHT HOLDER WILLIE WINKIE,19.8
PETIT TRAY CHIC,19.8
SILVER HANGING T-LIGHT HOLDER,19.8
GLASS BON BON JAR,19.8
HOT WATER BOTTLE I AM SO POORLY,19.8
SMALL BLUE PROVENCAL CERAMIC BALL,19.8
HENRIETTA HEN MUG ,19.8
HANGING PHOTO CLIP ROPE LADDER,19.8
HANGING METAL HEART LANTERN,19.8
HANGING HEN ON NEST DECORATION,19.8
CAKE STAND VICTORIAN FILIGREE SMALL,19.8
S/4 CACTI CANDLES,19.8
CREAM SWEETHEART EGG HOLDER,19.8
FOLDING UMBRELLA WHITE/RED POLKADOT,19.8
SET OF 6 KASHMIR FOLKART BAUBLES,19.8
SET OF 2 TINS JARDIN DE PROVENCE,19.8
FRENCH BATHROOM SIGN BLUE METAL,19.8
DAISY HAIR BAND,19.8
LARGE YELLOW BABUSHKA NOTEBOOK ,19.68
MOCK LOBSTER FRIDGE MAGNET,19.56
FIRST AID TIN,19.5
"TUMBLER, NEW ENGLAND",19.259999999999998
MIRRORED WALL ART STARS,19.2
SILVER MUG BONE CHINA TREE OF LIFE,19.080000000000002
BEADED CRYSTAL HEART GREEN LARGE,18.96
HEART STRING MEMO HOLDER HANGING,18.96
GLITTER CHRISTMAS TREE WITH BELLS,18.96
DANISH ROSE PHOTO FRAME,18.96
ACRYLIC GEOMETRIC LAMP,18.95
SMALL MARSHMALLOWS PINK BOWL,18.9
SET/6 PINK BIRD T-LIGHT CANDLES,18.9
SMALL DOLLY MIX DESIGN ORANGE BOWL,18.9
JIGSAW TOADSTOOLS 3 PIECE,18.88
WASHROOM METAL SIGN,18.849999999999998
MIRRORED WALL ART SKULLS,18.75
PACK OF 12 VINTAGE LEAF TISSUES ,18.72
"FEATHER PEN,COAL BLACK",18.72
BLUE POLKADOT EGG CUP ,18.72
MOTORING TISSUE BOX,18.41
HOME GARLAND PAINTED ZINC ,18.0
CARAVAN SQUARE TISSUE BOX,17.939999999999998
KITCHEN FLOWER POTS WALL PLAQUE,17.85
CALENDAR FAMILY FAVOURITES,17.7
PINK HANGING HEART T-LIGHT HOLDER,17.7
METAL SIGN HIS DINNER IS SERVED,17.7
MEASURING TAPE BABUSHKA RED,17.7
PAPER CHAIN KIT EMPIRE,17.7
COSY SLIPPER SHOES LARGE GREEN,17.7
SKULLS STORAGE BOX LARGE,17.7
SET OF 2 ROUND TINS CAMEMBERT ,17.7
BLUE  VOILE LAMPSHADE,17.7
PURPLE PAPER PARASOL,17.7
GLASS JAR MARMALADE ,17.7
GLASS JAR ENGLISH CONFECTIONERY,17.7
PINK ENAMEL FLOWER HAIR TIE,17.7
VINTAGE NOTEBOOK PARIS DAYS,17.7
STRING OF STARS CARD HOLDER,17.7
MEDIUM PINK BUDDHA HEAD ,17.7
SWISS ROLL TOWEL PINK  SPOTS,17.7
MEDIUM MEDINA STAMPED METAL BOWL ,17.7
SMALL HAMMERED SILVER CANDLEPOT ,17.7
CROCHET ROSE PURSE WITH SUEDE BACK,17.7
AGED GLASS SILVER T-LIGHT HOLDER,17.55
STRAWBERRY BATH SPONGE ,17.5
CERAMIC LOVE HEART MONEY BANK,17.4
SET OF 36 DOLLY GIRL PAPER DOILIES,17.4
PANTRY APPLE CORER,17.4
MOODY BOY  DOOR HANGER ,17.4
SET OF 36 SPACEBOY PAPER DOILIES,17.4
RETRO LEAVES MAGNETIC NOTEPAD,17.4
36 DOILIES VINTAGE CHRISTMAS,17.4
MOODY GIRL DOOR HANGER ,17.4
SINGLE WIRE HOOK IVORY HEART,17.4
PACK OF SIX LED TEA LIGHTS,17.34
METAL SIGN DROP YOUR PANTS,17.34
ENAMEL MEASURING JUG CREAM,17.0
SET/3 ROSE CANDLE IN JEWELLED BOX,17.0
SET/3 VANILLA SCENTED CANDLE IN BOX,17.0
SET/3 OCEAN SCENT CANDLE JEWEL BOX,17.0
3 GARDENIA MORRIS BOXED CANDLES,17.0
SMALL GLASS HEART TRINKET POT,16.8
SWIRLY CIRCULAR RUBBERS IN BAG,16.8
METAL SIGN CUPCAKE SINGLE HOOK,16.8
VINTAGE CHRISTMAS GIFT SACK,16.6
TRIPLE WIRE HOOK IVORY HEART,16.6
JINGLE BELL HEART DECORATION,16.5
CORDIAL GLASS JUG,16.5
BLUE TRAVEL FIRST AID KIT,16.5
VINTAGE JINGLE BELLS HEART,16.5
LARGE ZINC HEART WALL ORGANISER,16.5
IVORY WICKER HEART LARGE,16.5
RED RETRO KITCHEN WALL CLOCK,16.3
BLUE RETRO KITCHEN WALL CLOCK,16.3
CURIO CABINET LINEN AND LACE ,16.3
IVORY RETRO KITCHEN WALL CLOCK,16.3
PACK 3 IRON ON DOG PATCHES,16.25
BLUE FLY SWAT,16.25
PARTY FOOD SHOPPER BAG,16.25
WOODLAND LARGE BLUE FELT HEART,16.25
LAUREL STAR ANTIQUE SILVER ,16.25
NEW BAROQUE JEWELLERY BOX ,15.9
RED DRAGONFLY HELICOPTER,15.9
RED SHARK HELICOPTER,15.9
SWEETHEART WIRE MAGAZINE RACK,15.9
GROW YOUR OWN HERBS SET OF 3,15.9
TEATIME ROUND PENCIL SHARPENER ,15.84
WIRE EGG BASKET ,15.7
ASSORTED COLOUR T-LIGHT HOLDER,15.6
OVAL  MINI PORTRAIT FRAME,15.6
MRS ROBOT SOFT TOY,15.6
NUMBER TILE COTTAGE GARDEN 9,15.6
NUMBER TILE COTTAGE GARDEN 0 ,15.6
NUMBER TILE COTTAGE GARDEN 6,15.6
NUMBER TILE COTTAGE GARDEN 8,15.6
NUMBER TILE COTTAGE GARDEN 7,15.6
THREE CANVAS LUGGAGE TAGS,15.6
RIDGED GLASS T-LIGHT HOLDER,15.6
PINK/WHITE CHRISTMAS TREE 60CM,15.6
NUMBER TILE COTTAGE GARDEN 5,15.6
NUMBER TILE COTTAGE GARDEN 4,15.6
NUMBER TILE COTTAGE GARDEN 3 ,15.6
NUMBER TILE COTTAGE GARDEN 2,15.6
6 ROCKET BALLOONS ,15.6
NUMBER TILE COTTAGE GARDEN 1,15.6
ORIGAMI SANDLEWOOD INCENSE+FLOWER,15.6
SET OF 2 TEA TOWELS PING MICROWAVE,15.38
CLASSICAL ROSE SMALL VASE,15.3
COFFEE MUG BLUE PAISLEY DESIGN,15.3
PAPERWEIGHT VINTAGE PAISLEY,15.3
TEA TIME DES TEA COSY,15.3
PINK GINGHAM CAT WITH SCARF,15.3
RETROSPOT GIANT TUBE MATCHES,15.3
SET OF 6 VINTAGE NOTELETS KIT,15.3
TINY CRYSTAL BRACELET GREEN,15.3
SET OF 4 NAPKIN CHARMS 3 KEYS ,15.3
PACK OF 6 PANETTONE GIFT BOXES,15.3
GLASS CHALICE GREEN  LARGE ,15.3
SET OF 4 NAPKIN CHARMS HEARTS,15.3
SET OF 4 NAPKIN CHARMS CROWNS ,15.3
GIN & TONIC DIET GREETING CARD ,15.120000000000001
MINI LADLE LOVE HEART PINK,15.120000000000001
FAWN AND MUSHROOM GREETING CARD,15.120000000000001
TOAST ITS - FAIRY FLOWER,15.0
BLUE GEISHA GIRL ,15.0
BLACK LOVE BIRD CANDLE,15.0
ENAMEL WASH BOWL CREAM,15.0
BIRTHDAY PARTY CORDON BARRIER TAPE,15.0
HAWAIIAN GRASS SKIRT ,15.0
UNION JACK FLAG LUGGAGE TAG,15.0
HEN PARTY CORDON BARRIER TAPE,15.0
IVORY LOVE BIRD CANDLE,15.0
HAPPY EASTER HANGING DECORATION,15.0
BIRDCAGE DECORATION TEALIGHT HOLDER,15.0
BEADED CRYSTAL HEART BLUE ON STICK,15.0
UNION STRIPE CUSHION COVER ,15.0
IF YOU CAN'T STAND THE HEAT MUG,15.0
VINYL RECORD FRAME SILVER,15.0
SET OF 4 CAROUSEL PLACEMATS ,15.0
4 SKY BLUE DINNER CANDLES,15.0
FLORAL SOFT CAR TOY,15.0
SILVER TEDDY BEAR,15.0
BLUE POLKADOT PASSPORT COVER,15.0
6PC WOOD PLATE SET DISPOSABLE,15.0
MIDNIGHT BLUE VINTAGE EARRINGS,15.0
12 IVORY ROSE PEG PLACE SETTINGS,15.0
4 VANILLA BOTANICAL CANDLES,15.0
PINK ROSE WASHBAG,15.0
FRENCH ENAMEL UTENSIL HOLDER,15.0
4 ROSE PINK DINNER CANDLES,15.0
4 PEAR BOTANICAL DINNER CANDLES,15.0
GARDEN PATH SKETCHBOOK,15.0
LETTER HOLDER HOME SWEET HOME,15.0
FUSCHIA TABLE RUN FLOWER ,15.0
12 RED ROSE PEG PLACE SETTINGS,15.0
2 PICTURE BOOK EGGS EASTER CHICKS,15.0
DOORSTOP RACING CAR DESIGN,15.0
FRENCH KITCHEN SIGN BLUE METAL,15.0
BOUDOIR SQUARE TISSUE BOX,15.0
DECORATIVE FLORE BATHROOM BOTTLE,15.0
ASSORTED TUTTI FRUTTI MIRROR,15.0
GREEN GEISHA GIRL ,15.0
FELT FARM ANIMAL CHICKEN,15.0
EGG CUP HENRIETTA HEN CREAM ,15.0
RETRO COFFEE MUGS ASSORTED,15.0
CRAZY DAISY HEART DECORATION,15.0
BLUE TABLE RUN FLOWER,15.0
IVORY SWEETHEART WIRE LETTER RACK ,15.0
BLUE/CREAM STRIPE CUSHION COVER ,15.0
ANTIQUE SILVER TEA GLASS ENGRAVED,15.0
PAIR BUTTERFLY HAIR CLIPS,15.0
MONEY BOX KINGS CHOICE DESIGN,15.0
MONEY BOX HOUSEKEEPING DESIGN,15.0
DECORATIVE ROSE BATHROOM BOTTLE,15.0
ZINC HEART LATTICE T-LIGHT HOLDER,15.0
2 PICTURE BOOK EGGS EASTER BUNNY,15.0
TRIANGULAR POUFFE VINTAGE ,14.95
3 TIER CAKE TIN GREEN AND CREAM,14.95
BUNNY WOODEN PAINTED WITH BIRD ,14.879999999999999
DAIRY MAID LARGE MILK JUG,14.85
LANTERN CREAM GAZEBO ,14.85
SET/3 POLKADOT STACKING TINS,14.85
GLASS STAR FROSTED T-LIGHT HOLDER,14.85
WALL ART WORK REST AND PLAY  ,14.85
EMPIRE UNION JACK TV DINNER TRAY,14.85
GLITTER CHRISTMAS STAR ,14.819999999999999
RED  EGG  SPOON,14.76
BLUE EGG  SPOON,14.76
HEN HOUSE W CHICK STANDING,14.7
PSYCHEDELIC TILE HOOK,14.7
PACK OF 12 STICKY BUNNIES,14.3
ASSTD DESIGN 3D PAPER STICKERS,14.299999999999999
SWISS CHALET TREE DECORATION ,13.92
SET/4 BIRD MIRROR MAGNETS ,13.92
SMOKEY GREY COLOUR GLASS,13.92
DARK BIRD HOUSE TREE DECORATION,13.92
FRENCH STYLE STORAGE JAR BONBONS,13.92
PURPLE BOUDICCA LARGE BRACELET,13.899999999999999
200 BENDY SKULL STRAWS,13.75
SANDWICH BATH SPONGE,13.75
ASSORTED TUTTI FRUTTI BRACELET,13.68
SCOTTIES DESIGN WASHBAG,13.649999999999999
BUNNY DECORATION MAGIC GARDEN,13.6
SMALL STRIPES CHOCOLATE GIFT BAG ,13.6
SMALL POLKADOT CHOCOLATE GIFT BAG ,13.6
SQUARECUSHION COVER PINK UNION JACK,13.5
CINAMMON & ORANGE WREATH,13.5
PAIR OF ENAMEL BUTTERFLY HAIRCLIP,13.4
CHRISTMAS TABLE SILVER CANDLE SPIKE,13.28
BROWN CHECK CAT DOORSTOP ,12.75
WHITE BAROQUE WALL CLOCK ,12.75
LOVE LARGE WOOD LETTERS ,12.75
GOLD MUG BONE CHINA TREE OF LIFE,12.72
VINTAGE KEEPSAKE BOX PARIS DAYS,12.7
VINTAGE KEEPSAKE BOX TRAVELOGUE,12.7
LARGE PINK GLASS SUNDAE DISH,12.64
WICKER STAR ,12.6
COSMETIC BAG VINTAGE ROSE PAISLEY,12.6
RIBBONS PURSE ,12.6
PINK UNION JACK  PASSPORT COVER ,12.6
CLAM SHELL SMALL ,12.6
RETRO PLASTIC 70'S TRAY,12.6
RED POLKADOT PUDDING BOWL,12.6
MIRRORED DOVE WALL DECORATION,12.6
"AIRLINE LOUNGE,METAL SIGN",12.6
TROPICAL PASSPORT COVER ,12.6
LARGE ZINC GLASS CANDLEHOLDER,12.6
FIRST CLASS PASSPORT COVER ,12.6
SET/4 BADGES BEETLES,12.5
PEARLISED IVORY HEART SMALL ,12.5
RUSTIC MIRROR WITH LACE HEART,12.5
EIGHT PIECE DINOSAUR SET,12.5
SHELF WITH 4 HOOKS HOME SWEET HOME,12.5
SPACE FROG,12.5
PINK CANDYSTUFT ARTIFICIAL FLOWER,12.26
CERAMIC PLATE STRAWBERRY DESIGN,12.2
CREAM WALL PLANTER HEART SHAPED,11.9
MIRRORED DISCO BALL ,11.9
GLASS JAR DIGESTIVE BISCUITS,11.799999999999999
TRAVEL CARD WALLET RETROSPOT,11.76
TRAVEL CARD WALLET KEEP CALM,11.76
TRAVEL CARD WALLET FLOWER MEADOW,11.76
T-LIGHT HOLDER SILVER HEART HANDLE,11.7
MULTICOLOUR EASTER RABBIT ,11.7
PINK FLOWERS RABBIT EASTER,11.7
HEART MINI PORTRAIT FRAME,11.7
FRENCH CHATEAU LARGE PLATTER ,11.7
DISCO BALL CHRISTMAS DECORATION,11.52
SET/3 CHRISTMAS DECOUPAGE CANDLES,11.4
MIRRORED WALL ART POPPIES,11.25
PACK OF 6 SMALL FRUIT STRAWS,10.92
LARGE CAMPHOR WOOD FIELD MUSHROOM ,10.9
TRAVEL CARD WALLET VINTAGE LEAF,10.5
BOTANICAL ROSE GIFT WRAP,10.5
TRAVEL CARD WALLET VINTAGE TICKET,10.5
"WRAP, BILLBOARD FONTS DESIGN",10.5
BIRTHDAY BANQUET GIFT WRAP,10.5
WRAP FOLK ART,10.5
EMPIRE GIFT WRAP,10.5
TRAVEL CARD WALLET RETRO PETALS,10.5
WRAP MAGIC FOREST ,10.5
PAISLEY PATTERN  STICKERS,10.2
CHRISTMAS RETROSPOT HEART WOOD,10.2
FLOWERS  STICKERS,10.2
CHRISTMAS GINGHAM HEART,10.2
FELTCRAFT HAIRBAND PINK AND PURPLE,10.2
MULTICOLOUR RABBIT EGG WARMER,10.2
WOOD STOCKING CHRISTMAS SCANDISPOT,10.2
WHITE BAMBOO RIBS LAMPSHADE,10.2
PINK FELT HANGING HEART W FLOWER,10.2
FRENCH LATTICE CUSHION COVER ,10.2
FRENCH PAISLEY CUSHION COVER ,10.2
HANGING JAM JAR T-LIGHT HOLDER,10.2
FELT EGG COSY BLUE RABBIT ,10.2
SEWING SUSAN 21 NEEDLE SET,10.2
KITTENS DESIGN FLANNEL,10.2
CRYSTAL SEA HORSE PHONE CHARM,10.2
SMALL PINK MAGIC CHRISTMAS TREE,10.2
PAPERWEIGHT KINGS CHOICE ,10.2
METAL SIGN HER DINNER IS SERVED ,10.2
PACK OF 6 SANDCASTLE FLAGS ASSORTED,10.2
STANDING FAIRY POLE SUPPORT ,10.2
CHRISTMAS DECOUPAGE CANDLE,10.2
LADIES & GENTLEMEN METAL SIGN,10.2
IVORY HANGING DECORATION  EGG,10.2
LIPSTICK PEN FUSCHIA,10.08
TRAVEL CARD WALLET SUKI,10.08
LIPSTICK PEN BABY PINK,10.08
CARD DOG AND BALL ,10.08
TRAVEL CARD WALLET UNION JACK,10.08
ASSORTED MONKEY SUCTION CUP HOOK,10.08
CHINESE DRAGON PAPER LANTERNS,10.08
HANGING WOOD AND FELT BUTTERFLY ,10.08
DOILY THANK YOU CARD,10.08
SKULLS GREETING CARD,10.08
MINI JIGSAW GO TO THE FAIR,10.08
DANISH ROSE DECORATIVE PLATE,10.079999999999998
EGG CUP NATURAL CHICKEN,10.0
SMALL CHOCOLATES PINK BOWL,10.0
SPACE BOY CHILDRENS CUP,10.0
SMALL LICORICE DES PINK BOWL,10.0
CHERUB HEART DECORATION SILVER ,9.96
BLUE FLOWER DES PURSE,9.96
SET/4 COLOURFUL MIXING BOWLS,9.95
ZINC BOX SIGN HOME,9.95
LARGE CAKE STAND  HANGING STRAWBERY,9.95
RED ENCHANTED FOREST PLACEMAT,9.9
TV DINNER TRAY VINTAGE PAISLEY,9.9
GLASS CHALICE BLUE SMALL ,9.9
BLUE KNITTED HEN ,9.9
BLUE FELT EASTER EGG BASKET,9.9
CHRYSANTHEMUM NOTEBOOK,9.9
SMALL CAMPHOR WOOD FIELD  MUSHROOM,9.9
WICKER WREATH LARGE,9.75
CHRISTMAS HANGING SNOWFLAKE,9.48
RED FLOCK LOVE HEART PHOTO FRAME,9.36
TUMBLER NEW ENGLAND,9.36
BLUE CHARLIE+LOLA PERSONAL DOORSIGN,9.36
SANDALWOOD FAN,9.35
MINI JIGSAW DINOSAUR ,9.12
FELT EGG COSY LADYBIRD ,9.12
SMALL FOLKART STAR CHRISTMAS DEC,9.12
PAPER CHAIN KIT LONDON,8.85
PIECE OF CAMO STATIONERY SET,8.64
SMALL FOLDING SCISSOR(POINTED EDGE),8.64
GLITTER HEART DECORATION,8.58
JIGSAW TREE WITH WATERING CAN,8.5
GREEN CHRISTMAS TREE CARD HOLDER,8.5
ASS COLOUR GLOWING TIARAS,8.5
PLEASE ONE PERSON METAL SIGN,8.4
LA PALMIERA TILE HOOK,8.399999999999999
FLOWERS TILE HOOK,8.399999999999999
GREEN FERN NOTEBOOK,8.25
YELLOW SHARK HELICOPTER,7.95
BLUE PUDDING SPOON,7.92
3 RAFFIA RIBBONS VINTAGE CHRISTMAS,7.9
YULETIDE IMAGES GIFT WRAP SET,7.8
IVORY WICKER HEART MEDIUM,7.5
SMALL POP BOX FUNKY MONKEY,7.5
FLOWER VINE RAFFIA FOOD COVER,7.5
PACKING CHARGE,7.5
WAKE UP COCKEREL CALENDAR SIGN ,7.5
WRAP BAD HAIR DAY,7.5
POSTE FRANCE CUSHION COVER,7.5
VINTAGE BILLBOARD MUG ,7.5
PINK KNITTED EGG COSY,7.02
ORANGE VOTIVE CANDLE,6.96
ASSORTED TUTTI FRUTTI PEN,6.96
STRAWBRY SCENTED VOTIVE CANDLE,6.96
CINNAMON SCENTED VOTIVE CANDLE,6.96
HYACINTH BULB T-LIGHT CANDLES,6.72
CACTI T-LIGHT CANDLES,6.72
TOILET METAL SIGN,6.6
DECORATIVE WICKER HEART LARGE,6.6
ROSE DU SUD CUSHION COVER,6.35
BLACK CANDELABRA T-LIGHT HOLDER,6.3
POCKET MIRROR WOODLAND,6.25
EGG FRYING PAN RED ,6.24
GREEN GIANT GARDEN THERMOMETER,5.95
CREAM SLICE FLANNEL PINK SPOT ,5.9
DO NOT TOUCH MY STUFF DOOR HANGER ,5.8
DOOR HANGER  MUM + DADS ROOM,5.8
REX CASH+CARRY JUMBO SHOPPER,5.699999999999999
IVORY WICKER HEART SMALL,5.67
BOTANICAL LAVENDER BIRTHDAY CARD,5.04
EMPIRE BIRTHDAY CARD,5.04
FOOD/DRINK SPONGE STICKERS,5.04
A PRETTY THANK YOU CARD,5.04
SWALLOWS GREETING CARD,5.04
"DECOUPAGE,GREETING CARD,",5.04
CHRISTMAS CARD SINGING ANGEL,5.04
ETCHED GLASS COASTER,5.0
WRAP CHRISTMAS SCREEN PRINT,4.75
JAZZ HEARTS ADDRESS BOOK,4.56
"GREETING CARD, OVERCROWDED POOL.",4.56
CHRISTMAS CARD SCREEN PRINT ,4.56
HEART DECORATION RUSTIC HANGING ,4.56
"ACRYLIC HANGING JEWEL,PINK",4.56
WICKER WREATH SMALL,4.35
POPART RECT PENCIL SHARPENER ASST,4.32
SPACEBOY MINI RUCKSACK,4.15
WOODLAND MINI RUCKSACK ,4.15
 I LOVE LONDON MINI RUCKSACK,4.15
TOILET SIGN OCCUPIED OR VACANT,4.15
TRAVEL CARD WALLET VINTAGE ROSE ,3.78
WALL ART SPACEBOY,3.75
GREY FLORAL FELTCRAFT SHOULDER BAG,3.75
WALL ART DOLLY GIRL ,3.75
PAPER POCKET TRAVELING FAN ,3.36
HOME SWEET HOME HOOK,3.3
BLACK PIRATE TREASURE CHEST,3.3
High Resolution Image,3.0
BLUE POT PLANT CANDLE ,2.95
SET OF 36 MUSHROOM PAPER DOILIES,2.9
WHITE CANDYSTUFT ARTIFICIAL FLOWER,2.9
HOUSE SHAPE PENCIL SHARPENER,2.88
ICON PLACEMAT POP ART ELVIS,2.88
CAST IRON HOOK GARDEN TROWEL,2.55
RASTA IN BATH W SPLIFF ASHTRAY,2.55
RETRO MOD TRAY,2.55
NECKLACE+BRACELET SET BLUE HIBISCUS,2.55
TOMATO CHARLIE+LOLA COASTER SET,2.5
MIRRORED WALL ART SPLODGES,2.5
CARROT CHARLIE+LOLA COASTER SET,2.5
BEADED CRYSTAL HEART BLUE  LARGE,2.37
ICON MUG REVOLUTIONARY,2.34
WAKE UP COCKEREL TILE HOOK,2.1
ASSTD RASTA KEY-CHAINS,2.1
DOGGY RUBBER,2.1
EGG FRYING PAN BLUE ,2.08
GARAGE KEY FOB,1.95
SET OF 12 T-LIGHTS VINTAGE DOILEY,1.95
SET 8 CANDLES VINTAGE DOILEY,1.95
CAROUSEL DESIGN WASHBAG,1.95
3D SHEET OF DOG STICKERS,1.7
FLUTED ANTIQUE CANDLE HOLDER,1.7
CHAMBRE HOOK,1.65
PLAYING CARDS VINTAGE DOILEY ,1.25
FRENCH TOILET SIGN BLUE METAL,1.25
SPACE OWL,1.25
SET 36 COLOURING PENCILS DOILEY,1.25
SPACE CADET RED,1.25
CHRISTMAS HANGING TREE WITH BELL,1.25
MONEY BOX BISCUITS DESIGN,1.25
NINJA RABBIT PINK,1.25
VINTAGE BILLBOARD TEA MUG,1.25
SET/4 DAISY MIRROR MAGNETS,0.87
MIRRORED WALL ART TABLE LAMP,0.75
HANGING SPRING FLOWER EGG SMALL,0.65
SET 12 COLOURING PENCILS DOILEY,0.65
"KEY FOB , BACK DOOR ",0.65
"KEY FOB , SHED",0.65
MIXED NUTS LIGHT GREEN BOWL,0.42
SWALLOW SQUARE TISSUE BOX,0.39
FLAG OF ST GEORGE CHAIR,0.0
ANTIQUE SILVER BAUBLE LAMP  ,0.0
BOTANICAL GARDENS WALL CLOCK ,0.0
BOYS ALPHABET IRON ON PATCHES,0.0
SMALL SQUARE CUT GLASS CANDLESTICK,0.0
NECKLACE+BRACELET PINK BUTTERFLY,0.0
ANGEL DECORATION STARS ON DRESS,0.0
RUBY GLASS CLUSTER BRACELET,0.0
12 PINK HEN+CHICKS IN BASKET,0.0
ROCOCO WALL MIRROR WHITE,0.0
KEY CABINET MA CAMPAGNE,0.0
HANGING CHICK CREAM DECORATION,0.0
MONEY BOX POCKET MONEY DESIGN,-1.06
PORCELAIN HANGING BELL SMALL,-1.45
BLUE PADDED SOFT MOBILE,-12.75
TRIPLE PHOTO FRAME CORNICE ,-19.9
SET OF 3 BABUSHKA STACKING TINS,-25.5
Discount,-206.4
